VERB	taceo	tacuere	Aspect=Perf|InflClass=LatE|Mood=Ind|Number=Plur|Person=3|Tense=Past|VerbForm=Fin|Voice=Act	Latin_SenecaYounger_HercF_poetry-479,SenHerFu-P-15-479
VERB	taceo	tace	Aspect=Imp|InflClass=LatE|Mood=Imp|Number=Sing|Person=2|Tense=Pres|VerbForm=Fin|Voice=Act	47416,PlAmphi-L-01-554,PlCasin-L-06-110,PlCasin-L-06-325,PlCasin-L-06-415,PlCurcu-L-08-127,PlCurcu-L-08-145,PlCurcu-L-08-204,PlCurcu-L-08-414,PlEpidic-L-09-616
VERB	taceo	taceo	Aspect=Imp|InflClass=LatE|Mood=Ind|Number=Sing|Person=1|Tense=Pres|VerbForm=Fin|Voice=Act	PlAsina-L-02-247,PlCasin-L-06-326,PlCasin-L-06-336
VERB	taceo	taceam	Aspect=Imp|InflClass=LatE|Mood=Sub|Number=Sing|Person=1|Tense=Pres|VerbForm=Fin|Voice=Act	PlBacch-L-04-593
VERB	taceo	taces	Aspect=Imp|InflClass=LatE|Mood=Ind|Number=Sing|Person=2|Tense=Pres|VerbForm=Fin|Voice=Act	PlBacch-L-04-763
VERB	taceo	taceas	Aspect=Imp|InflClass=LatE|Mood=Sub|Number=Sing|Person=2|Tense=Pres|VerbForm=Fin|Voice=Act	PlBacch-L-04-1122
VERB	effor	effare	Aspect=Imp|InflClass=LatA|Mood=Imp|Number=Sing|Person=2|Tense=Pres|VerbForm=Fin|Voice=Pass	Latin_SenecaYounger_Oedip_poetry-291,SenOedip-P-20-291
VERB	dubito	dubitas	Aspect=Imp|InflClass=LatA|Mood=Ind|Number=Sing|Person=2|Tense=Pres|VerbForm=Fin|Voice=Act	Latin_SenecaYounger_Oedip_poetry-292,Latin_SenecaYounger_Oedip_poetry-371,SenOedip-P-20-292,SenOedip-P-20-371
VERB	cogo	cogere	Aspect=Imp|InflClass=LatX|Mood=Ind|Number=Sing|Person=2|Tense=Fut|VerbForm=Fin|Voice=Pass	Latin_SenecaYounger_HercF_poetry-150,SenHerFu-P-15-150
VERB	iubeo	iusserat	Aspect=Perf|Mood=Ind|Number=Sing|Person=3|Tense=Pqp|VerbForm=Fin|Voice=Act	phi0959.phi006.perseus-lat1.tb.xml@76
VERB	iubeo	iube	Aspect=Imp|InflClass=LatE|Mood=Imp|Number=Sing|Person=2|Tense=Pres|VerbForm=Fin|Voice=Act	PlCapt-L-05-639
VERB	aio	ait	Aspect=Imp|Mood=Ind|Number=Sing|Person=3|Tense=Pres|VerbForm=Fin|Voice=Act	phi0959.phi006.perseus-lat1.tb.xml@173,phi0975.phi001.perseus-lat1.tb.xml@209,13763,18414,19163
VERB	aio	aio	Aspect=Imp|InflClass=LatAnom|Mood=Ind|Number=Sing|Person=1|Tense=Pres|VerbForm=Fin|Voice=Act	HorSerm2-F-04-387,PlEpidic-L-09-802
VERB	rideo	ridet	Aspect=Imp|InflClass=LatE|Mood=Ind|Number=Sing|Person=3|Tense=Pres|VerbForm=Fin|Voice=Act	phi0972.phi001.perseus-lat1.xml@609,PetronSa-K-00-703
VERB	rideo	rides	Mood=Ind|Number=Sing|Person=2|Tense=Pres|VerbForm=Fin|Voice=Act	76286
VERB	uideo	uiderint	Aspect=Perf|Mood=Sub|Number=Plur|Person=3|Tense=Past|VerbForm=Fin|Voice=Act	phi0972.phi001.perseus-lat1.xml@725
VERB	uideo	uidete	Mood=Imp|Number=Plur|Person=2|Tense=Pres|VerbForm=Fin|Voice=Act	47432,47467
VERB	uideo	uidemus	Mood=Ind|Number=Plur|Person=1|Tense=Pres|VerbForm=Fin|Voice=Act	19235
VERB	uideo	uiden	Aspect=Imp|InflClass=LatE|Mood=Ind|Number=Sing|Person=2|Tense=Pres|VerbForm=Fin|Voice=Act	Catul-C-00-297
VERB	uideo	uideto	Aspect=Imp|InflClass=LatE|Mood=Imp|Number=Sing|Person=3|Tense=Fut|VerbForm=Fin|Voice=Act	OviEpist-I-05-1925
VERB	uideo	uidebitur	Aspect=Imp|InflClass=LatE|Mood=Ind|Number=Sing|Person=3|Tense=Fut|VerbForm=Fin|Voice=Pass	PlAsina-L-02-634
VERB	uideo	uidi	Aspect=Perf|InflClass=LatE|Mood=Ind|Number=Sing|Person=1|Tense=Past|VerbForm=Fin|Voice=Act	PlBacch-L-04-1078
VERB	uideo	uideo	Aspect=Imp|InflClass=LatE|Mood=Ind|Number=Sing|Person=1|Tense=Pres|VerbForm=Fin|Voice=Act	PlBacch-L-04-1139
VERB	ualeo	uale	Aspect=Imp|InflClass=LatE|Mood=Imp|Number=Sing|Person=2|Tense=Pres|VerbForm=Fin|Voice=Act	phi0972.phi001.perseus-lat1.xml@960,76333,77587,Sabellicus_DeLatinaeLinguaeReparatione-13,Sabellicus_DeLatinaeLinguaeReparatione-421,HirtBG8-A-02-10,PetronSa-K-00-975,PlAmphi-L-01-896,PlAsina-L-02-542,PlAulul-L-03-118,PlCurcu-L-08-521,PliEp01-M-01-5,PliEp01-M-01-16,PliEp01-M-01-35,PliEp01-M-01-42,PliEp01-M-01-87,PliEp01-M-01-96,PliEp01-M-01-105,PliEp01-M-01-140,PliEp01-M-01-151,PliEp01-M-01-176,PliEp01-M-01-184,PliEp01-M-01-217,PliEp01-M-01-229,PliEp01-M-01-251,PliEp01-M-01-262,PliEp01-M-01-280,PliEp01-M-01-289,PliEp01-M-01-302,PliEp01-M-01-308,PliEp01-M-01-360,PliEp01-M-01-363,PliEp01-M-01-386,PliEp01-M-01-393,PliEp02-M-01-418,PliEp02-M-01-426,PliEp02-M-01-445,PliEp02-M-01-450,PliEp02-M-01-468,PliEp02-M-01-486,PliEp02-M-01-497,PliEp02-M-01-505,PliEp02-M-01-517,PliEp02-M-01-530,PliEp02-M-01-591,PliEp02-M-01-609,PliEp02-M-01-637,PliEp02-M-01-644,PliEp02-M-01-650,PliEp02-M-01-710,PliEp02-M-01-719,PliEp02-M-01-735,PliEp03-M-01-790,PliEp03-M-01-800,PliEp03-M-01-810,PliEp03-M-01-828,PliEp03-M-01-861,PliEp03-M-01-873,PliEp03-M-01-897,PliEp03-M-01-904,PliEp03-M-01-966,PliEp03-M-01-987,PliEp03-M-01-994,PliEp03-M-01-1003,PliEp03-M-01-1019,PliEp03-M-01-1026,PliEp03-M-01-1049,PliEp03-M-01-1056,PliEp03-M-01-1071,PliEp03-M-01-1086,PliEp03-M-01-1106,PliEp04-M-01-1134,PliEp04-M-01-1150,PliEp04-M-01-1161,PliEp04-M-01-1166,PliEp04-M-01-1172,PliEp04-M-01-1177,PliEp04-M-01-1192,PliEp04-M-01-1199,PliEp04-M-01-1248,PliEp04-M-01-1258,PliEp04-M-01-1290,PliEp04-M-01-1303,PliEp04-M-01-1332,PliEp04-M-01-1347,PliEp04-M-01-1367,PliEp04-M-01-1373,PliEp04-M-01-1392,PliEp04-M-01-1397,PliEp04-M-01-1411,PliEp04-M-01-1415,PliEp04-M-01-1424,PliEp04-M-01-1442,PliEp04-M-01-1448,PliEp04-M-01-1456,PliEp04-M-01-1468,PliEp04-M-01-1474,PliEp04-M-01-1492,PliEp04-M-01-1497,PliEp04-M-01-1504,PliEp05-M-01-1547,PliEp05-M-01-1550,PliEp05-M-01-1563,PliEp05-M-01-1573,PliEp05-M-01-1587,PliEp05-M-01-1678,PliEp05-M-01-1688,PliEp05-M-01-1719,PliEp05-M-01-1737,PliEp05-M-01-1745,PliEp05-M-01-1751,PliEp05-M-01-1759,PliEp05-M-01-1776,PliEp05-M-01-1791,PliEp05-M-01-1795,PliEp05-M-01-1818,PliEp05-M-01-1830,PliEp05-M-01-1835,PliEp05-M-01-1850,PliEp05-M-01-1865,PliEp06-M-01-1880,PliEp06-M-01-1906,PliEp06-M-01-1910,PliEp06-M-01-1918,PliEp06-M-01-1929,PliEp06-M-01-1947,PliEp06-M-01-1952,PliEp06-M-01-1978,PliEp06-M-01-1985,PliEp06-M-01-1996,PliEp06-M-01-2003,PliEp06-M-01-2012,PliEp06-M-01-2022,PliEp06-M-01-2028,PliEp06-M-01-2038,PliEp06-M-01-2082,PliEp06-M-01-2098,PliEp06-M-01-2104,PliEp06-M-01-2112,PliEp06-M-01-2157,PliEp06-M-01-2168,PliEp06-M-01-2181,PliEp06-M-01-2193,PliEp06-M-01-2203,PliEp06-M-01-2211,PliEp06-M-01-2217,PliEp06-M-01-2229,PliEp06-M-01-2236,PliEp06-M-01-2259,PliEp06-M-01-2268,PliEp06-M-01-2306,PliEp06-M-01-2310,PliEp06-M-01-2328,PliEp07-M-01-2346,PliEp07-M-01-2350,PliEp07-M-01-2363,PliEp07-M-01-2386,PliEp07-M-01-2392,PliEp07-M-01-2422,PliEp07-M-01-2428,PliEp07-M-01-2432,PliEp07-M-01-2458,PliEp07-M-01-2465,PliEp07-M-01-2479,PliEp07-M-01-2487,PliEp07-M-01-2492,PliEp07-M-01-2495,PliEp07-M-01-2502,PliEp07-M-01-2512,PliEp07-M-01-2541,PliEp07-M-01-2551,PliEp07-M-01-2576,PliEp07-M-01-2591,PliEp07-M-01-2600,PliEp07-M-01-2607,PliEp07-M-01-2611,PliEp07-M-01-2627,PliEp07-M-01-2643,PliEp07-M-01-2650,PliEp07-M-01-2694,PliEp07-M-01-2702,PliEp07-M-01-2708,PliEp07-M-01-2716,PliEp07-M-01-2729,PliEp07-M-01-2733,PliEp08-M-01-2759,PliEp08-M-01-2777,PliEp08-M-01-2784,PliEp08-M-01-2799,PliEp08-M-01-2807,PliEp08-M-01-2839,PliEp08-M-01-2843,PliEp08-M-01-2863,PliEp08-M-01-2866,PliEp08-M-01-2872,PliEp08-M-01-2880,PliEp08-M-01-2889,PliEp08-M-01-2894,PliEp08-M-01-2954,PliEp08-M-01-2958,PliEp08-M-01-2969,PliEp08-M-01-2982,PliEp08-M-01-3005,PliEp08-M-01-3012,PliEp08-M-01-3032,PliEp08-M-01-3052,PliEp08-M-01-3061,PliEp08-M-01-3081,PliEp09-M-01-3111,PliEp09-M-01-3119,PliEp09-M-01-3124,PliEp09-M-01-3127,PliEp09-M-01-3132,PliEp09-M-01-3141,PliEp09-M-01-3152,PliEp09-M-01-3157,PliEp09-M-01-3171,PliEp09-M-01-3180,PliEp09-M-01-3186,PliEp09-M-01-3195,PliEp09-M-01-3254,PliEp09-M-01-3258,PliEp09-M-01-3265,PliEp09-M-01-3270,PliEp09-M-01-3280,PliEp09-M-01-3284,PliEp09-M-01-3298,PliEp09-M-01-3301,PliEp09-M-01-3312,PliEp09-M-01-3320,PliEp09-M-01-3332,PliEp09-M-01-3336,PliEp09-M-01-3341,PliEp09-M-01-3385,PliEp09-M-01-3393,PliEp09-M-01-3410,PliEp09-M-01-3418,PliEp09-M-01-3426,PliEp09-M-01-3433,PliEp09-M-01-3438,PliEp09-M-01-3467,PliEp09-M-01-3474,PliEp09-M-01-3481,PliEp09-M-01-3498,PliEp09-M-01-3507,PliEp09-M-01-3511,PliEp09-M-01-3521
VERB	ualeo	ualete	Aspect=Imp|InflClass=LatE|Mood=Imp|Number=Plur|Person=2|Tense=Pres|VerbForm=Fin|Voice=Act	24277,PlAsina-L-02-711,PliEp03-M-01-974
VERB	ualeo	ualeas	Aspect=Imp|InflClass=LatE|Mood=Sub|Number=Sing|Person=2|Tense=Pres|VerbForm=Fin|Voice=Act	PlCasin-L-06-119
VERB	uiuo	uiuit	Aspect=Imp|InflClass=LatX|Mood=Ind|Number=Sing|Person=3|Tense=Pres|VerbForm=Fin|Voice=Act	phi0474.phi013.perseus-lat1.tb.xml@10,CicCat1-D-20-8
VERB	uiuo	uiuo	Aspect=Imp|InflClass=LatX|Mood=Ind|Number=Sing|Person=1|Tense=Pres|VerbForm=Fin|Voice=Act	PlCurcu-L-08-262
VERB	proficiscor	proficiscere	Aspect=Imp|Mood=Imp|Number=Sing|Person=2|Tense=Pres|VerbForm=Fin|Voice=Act	phi0474.phi013.perseus-lat1.tb.xml@69
VERB	uinco	uicimus	Aspect=Perf|Mood=Ind|Number=Plur|Person=1|Tense=Past|VerbForm=Fin|Voice=Act	phi0620.phi001.perseus-lat1.tb.xml@131
VERB	cesso	cessas	Aspect=Imp|Mood=Ind|Number=Sing|Person=2|Tense=Pres|VerbForm=Fin|Voice=Act	phi0690.phi003.perseus-lat1.tb.xml@32
VERB	uenio	ueni	Aspect=Perf|Mood=Imp,Ind|Number=Sing|Person=1,2|Tense=Past,Pres|VerbForm=Fin|Voice=Act	47421,13566,33646,33650,50184,50196,34226,34228
VERB	uenio	uenite	Mood=Imp|Number=Plur|Person=2|Tense=Pres|VerbForm=Fin|Voice=Act	47548,14645,47461,18637,48327,34108
VERB	uenio	uenisti	Aspect=Perf|InflClass=LatI|Mood=Ind|Number=Sing|Person=2|Tense=Past|VerbForm=Fin|Voice=Act	Catul-C-00-46
VERB	uenio	uenitur	Aspect=Imp|InflClass=LatI|Mood=Ind|Number=Sing|Person=3|Tense=Pres|VerbForm=Fin|Voice=Pass	CicMTull-D-04-58
VERB	uenio	uenit	Aspect=Perf|InflClass=LatI|Mood=Ind|Number=Sing|Person=3|Tense=Past|VerbForm=Fin|Voice=Act	PlBacch-L-04-243,PlCapt-L-05-694
VERB	surgo	surge	Aspect=Imp|InflClass=LatX|Mood=Imp|Number=Sing|Person=2|Tense=Pres|VerbForm=Fin|Voice=Act	47425,57019,24004,13127,47412,47451,48118,17710,PersiusS-J-00-293,PlAmphi-L-01-935
VERB	surgo	surgite	Mood=Imp|Number=Plur|Person=2|Tense=Pres|VerbForm=Fin|Voice=Act	14449,47479,48231,19642
VERB	surgo	surrexit	Aspect=Perf|Mood=Ind|Number=Sing|Person=3|Tense=Past|VerbForm=Fin|Voice=Act	47487
VERB	uolo	uolo	Aspect=Imp|InflClass=LatAnom|Mood=Ind|Number=Sing|Person=1|Tense=Pres|VerbForm=Fin|Voice=Act	16600,47406,PlCasin-L-06-470,SenEpist-P-03-6681
VERB	uolo	uolumus	Mood=Ind|Number=Plur|Person=1|Tense=Pres|VerbForm=Fin|Voice=Act	88994
VERB	uolo	uelle	Aspect=Imp|InflClass=LatAnom|InflClass[nominal]=Ind|VerbForm=Inf|Voice=Act	SenEpist-P-03-4237
VERB	mundo	mundare	Mood=Imp|Number=Sing|Person=2|Tense=Pres|VerbForm=Fin|Voice=Pass	16601,47407
VERB	cognosco	cognosce	Mood=Imp|Number=Sing|Person=2|Tense=Pres|VerbForm=Fin|Voice=Act	82314
VERB	sentio	senseram	Mood=Ind|Number=Sing|Person=1|Tense=Pqp|VerbForm=Fin|Voice=Act	77524
VERB	dico	dices	Mood=Ind|Number=Sing|Person=2|Tense=Fut|VerbForm=Fin|Voice=Act	77535,77435,77608,77725,77827,77856,77871,77957,78111
VERB	dico	dicunt	Mood=Ind|Number=Plur|Person=3|Tense=Pres|VerbForm=Fin|Voice=Act	14041
VERB	dico	dice	Aspect=Imp|InflClass=LatX|Mood=Imp,Ind|Number=Sing|Person=1,2|Tense=Fut,Pres|VerbForm=Fin|Voice=Act	CatFrag-B-04-83,PlAsina-L-02-274
VERB	dico	dictum	Aspect=Perf|Case=Nom|Degree=Pos|Gender=Neut|InflClass=LatX|InflClass[nominal]=IndEurO|Number=Sing|VerbForm=Part|Voice=Pass	Cic2Ver1-D-07-173
VERB	dico	dic	Aspect=Imp|InflClass=LatX|Mood=Imp|Number=Sing|Person=2|Tense=Pres|VerbForm=Fin|Voice=Act	CicAClu-D-15-698,CicQuinc-D-01-386
VERB	dico	diximus	Aspect=Perf|InflClass=LatX|Mood=Ind|Number=Plur|Person=1|Tense=Past|VerbForm=Fin|Voice=Act	CicCorn2-D-66-4
VERB	dico	dicam	Aspect=Imp|InflClass=LatX|Mood=Ind,Sub|Number=Sing|Person=1|Tense=Fut,Pres|VerbForm=Fin|Voice=Act	HorSerm2-F-04-561,PlCasin-L-06-614,PlCurcu-L-08-467,SenEpist-P-03-4527,SenEpist-P-03-8210,SenBenef-P-06-1360
VERB	dico	dixerat	Aspect=Perf|InflClass=LatX|Mood=Ind|Number=Sing|Person=3|Tense=Pqp|VerbForm=Fin|Voice=Act	OvFasti4-I-06-1233,VerAen02-S-03-274,VerAen04-S-03-805,VerAen04-S-03-834,VerAen09-S-03-2247,VerAen10-S-03-2463
VERB	dico	dixit	Aspect=Perf|InflClass=LatX|Mood=Ind|Number=Sing|Person=3|Tense=Past|VerbForm=Fin|Voice=Act	OviEpist-I-05-1269
VERB	confido	confidite	Mood=Imp|Number=Plur|Person=2|Tense=Pres|VerbForm=Fin|Voice=Act	47428
VERB	confido	confide	Mood=Imp|Number=Sing|Person=2|Tense=Pres|VerbForm=Fin|Voice=Act	47505
VERB	amplector	amplectitur	Mood=Ind|Number=Sing|Person=3|Tense=Pres|VerbForm=Fin|Voice=Pass	82334
VERB	amo	amat	Mood=Ind|Number=Sing|Person=3|Tense=Pres|VerbForm=Fin|Voice=Act	82335
VERB	amo	amo	Aspect=Imp|InflClass=LatA|Mood=Ind|Number=Sing|Person=1|Tense=Pres|VerbForm=Fin|Voice=Act	OviEpist-I-05-354,PlCasin-L-06-440
VERB	amo	amabo	Aspect=Imp|InflClass=LatA|Mood=Ind|Number=Sing|Person=1|Tense=Fut|VerbForm=Fin|Voice=Act	PlCurcu-L-08-110
VERB	inquam	inquies	Mood=Ind|Number=Sing|Person=2|Tense=Fut,Pres|VerbForm=Fin|Voice=Act	89006,85932,77983,78326,85908,85933
VERB	inquam	inquam	Mood=Ind|Number=Sing|Person=1|Tense=Pres|VerbForm=Fin|Voice=Act	76617,85773,78481,89036
VERB	inquam	inquis	Mood=Ind|Number=Sing|Person=2|Tense=Pres|VerbForm=Fin|Voice=Act	85797
VERB	credo	credis	Mood=Ind|Number=Sing|Person=2|Tense=Pres|VerbForm=Fin|Voice=Act	76882
VERB	credo	credo	Aspect=Imp|InflClass=LatX|Mood=Ind|Number=Sing|Person=1|Tense=Pres|VerbForm=Fin|Voice=Act	76884,47437,Cic2Ver4-D-10-258
VERB	credo	credimus	Aspect=Imp|InflClass=LatX|Mood=Ind|Number=Plur|Person=1|Tense=Pres|VerbForm=Fin|Voice=Act	VergEclo-S-01-303
VERB	adiuro	adiurat	Mood=Ind|Number=Sing|Person=3|Tense=Pres|VerbForm=Fin|Voice=Act	81807
VERB	ago	agite	Mood=Imp|Number=Plur|Person=2|Tense=Pres|VerbForm=Fin|Voice=Act	12829
VERB	pereo	perimus	Mood=Ind|Number=Plur|Person=1|Tense=Pres|VerbForm=Fin|Voice=Act	13093
VERB	pereo	perii	Aspect=Perf|InflClass=LatAnom|Mood=Ind|Number=Sing|Person=1|Tense=Past|VerbForm=Fin|Voice=Act	PlAmphi-L-01-213,PlAmphi-L-01-934,PlAsina-L-02-827,PlBacch-L-04-589,PlBacch-L-04-591,PlBacch-L-04-595,PlBacch-L-04-639,PlCasin-L-06-363,PlCasin-L-06-375,PlCasin-L-06-583,PlCasin-L-06-589,PlEpidic-L-09-656
VERB	pereo	periisti	Aspect=Perf|InflClass=LatAnom|Mood=Ind|Number=Sing|Person=2|Tense=Past|VerbForm=Fin|Voice=Act	PlCasin-L-06-334
VERB	eo	ite	Mood=Imp|Number=Plur|Person=2|Tense=Pres|VerbForm=Fin|Voice=Act	13107,47583,14655,17124,48179,48200
VERB	eo	eamus	Mood=Sub|Number=Plur|Person=1|Tense=Pres|VerbForm=Fin|Voice=Act	62978,47480
VERB	eo	eatur	Aspect=Imp|InflClass=LatAnom|Mood=Sub|Number=Sing|Person=3|Tense=Pres|VerbForm=Fin|Voice=Pass	SenMedea-P-18-193,SenThyes-P-22-142
VERB	recedo	recedite	Mood=Imp|Number=Plur|Person=2|Tense=Pres|VerbForm=Fin|Voice=Act	13166
VERB	possum	possumus	Mood=Ind|Number=Plur|Person=1|Tense=Pres|VerbForm=Fin|Voice=Act	13940,11044
VERB	nescio	nescimus	Mood=Ind|Number=Plur|Person=1|Tense=Pres|VerbForm=Fin|Voice=Act	14028,11144
VERB	nescio	nescio	Aspect=Imp|InflClass=LatI|Mood=Ind|Number=Sing|Person=1|Tense=Pres|VerbForm=Fin|Voice=Act	19164,CicPhi12-D-55-21,CicSRosc-D-02-187,PlBacch-L-04-777,PlBacch-L-04-868
VERB	nescio	nescis	Aspect=Imp|InflClass=LatI|Mood=Ind|Number=Sing|Person=2|Tense=Pres|VerbForm=Fin|Voice=Act	PlBacch-L-04-307
VERB	nolo	nolo	Aspect=Imp|InflClass=LatAnom|Mood=Ind|Number=Sing|Person=1|Tense=Pres|VerbForm=Fin|Voice=Act	14035,PlEpidic-L-09-840,SenBenef-P-06-1790
VERB	nolo	nolint	Aspect=Imp|InflClass=LatAnom|Mood=Sub|Number=Plur|Person=3|Tense=Pres|VerbForm=Fin|Voice=Act	HorSerm1-F-04-10
VERB	blasphemo	blasphemauit	Aspect=Perf|Mood=Ind|Number=Sing|Person=3|Tense=Past|VerbForm=Fin|Voice=Act	14488
VERB	blasphemo	blasphemat	Mood=Ind|Number=Sing|Person=3|Tense=Pres|VerbForm=Fin|Voice=Act	10375
VERB	crucifigo	crucifigatur	Mood=Ind,Sub|Number=Sing|Person=3|Tense=Pres|VerbForm=Fin|Voice=Pass	14555,14559
VERB	crucifigo	crucifige	Mood=Imp|Number=Sing|Person=2|Tense=Pres|VerbForm=Fin|Voice=Act	48235,48323,48324
VERB	sino	sine	Aspect=Imp|InflClass=LatX|Mood=Imp|Number=Sing|Person=2|Tense=Pres|VerbForm=Fin|Voice=Act	14607,48086,PlBacch-L-04-101,PlBacch-L-04-801,PlCurcu-L-08-88
VERB	sino	sinite	Mood=Imp|Number=Plur|Person=2|Tense=Pres|VerbForm=Fin|Voice=Act	47485
VERB	sino	sinas	Mood=Sub|Number=Sing|Person=2|Tense=Pres|VerbForm=Fin|Voice=Act	77603
VERB	aueo	hauete	Mood=Imp|Number=Plur|Person=2|Tense=Pres|VerbForm=Fin|Voice=Act	47585
VERB	aueo	haueto	Aspect=Imp|InflClass=LatE|Mood=Imp|Number=Sing|Person=2|Tense=Fut|VerbForm=Fin|Voice=Act	SalCatil-O-01-220
VERB	audio	audite	Mood=Imp|Number=Plur|Person=2|Tense=Pres|VerbForm=Fin|Voice=Act	10479
VERB	audio	audio	Aspect=Imp|InflClass=LatI|Mood=Ind|Number=Sing|Person=1|Tense=Pres|VerbForm=Fin|Voice=Act	CicLegA2-D-17-294,Cic2Ver2-D-08-656,PlAsina-L-02-719,PlAsina-L-02-835,PlCapt-L-05-150
VERB	audio	auditis	Aspect=Imp|InflClass=LatI|Mood=Ind|Number=Plur|Person=2|Tense=Pres|VerbForm=Fin|Voice=Act	HorCarm3-F-01-338
VERB	audio	audin	Aspect=Imp|InflClass=LatI|Mood=Ind|Number=Sing|Person=2|Tense=Pres|VerbForm=Fin|Voice=Act	PlAsina-L-02-718
VERB	audio	audi	Aspect=Imp|InflClass=LatI|Mood=Imp|Number=Sing|Person=2|Tense=Pres|VerbForm=Fin|Voice=Act	PlCasin-L-06-637
VERB	audio	audies	Aspect=Imp|InflClass=LatI|Mood=Ind|Number=Sing|Person=2|Tense=Fut|VerbForm=Fin|Voice=Act	PlEpidic-L-09-533
VERB	obmutesco	obmutesce	Mood=Imp|Number=Sing|Person=2|Tense=Pres|VerbForm=Fin|Voice=Act	47417
VERB	uado	uade	Mood=Imp|Number=Sing|Person=2|Tense=Pres|VerbForm=Fin|Voice=Act	47443,47453,62779,48259,48277,50180
VERB	uigilo	uigilate	Mood=Imp|Number=Plur|Person=2|Tense=Pres|VerbForm=Fin|Voice=Act	11297,49645
VERB	sumo	sumite	Mood=Imp|Number=Plur|Person=2|Tense=Pres|VerbForm=Fin|Voice=Act	47473
VERB	sufficio	sufficit	Mood=Ind|Number=Sing|Person=3|Tense=Pres|VerbForm=Fin|Voice=Act	11385
VERB	prophetizo	prophetiza	Mood=Imp|Number=Sing|Person=2|Tense=Pres|VerbForm=Fin|Voice=Act	11432
VERB	requiesco	requiesce	Mood=Imp|Number=Sing|Person=2|Tense=Pres|VerbForm=Fin|Voice=Act	48162
VERB	comedo	comede	Mood=Imp|Number=Sing|Person=2|Tense=Pres|VerbForm=Fin|Voice=Act	48163
VERB	bibo	bibe	Mood=Imp|Number=Sing|Person=2|Tense=Pres|VerbForm=Fin|Voice=Act	48164
VERB	bibo	biber	Aspect=Imp|InflClass=LatX|InflClass[nominal]=Ind|VerbForm=Inf|Voice=Act	CatOrig-B-02-80
VERB	epulor	epulare	Mood=Imp|Number=Sing|Person=2|Tense=Pres|VerbForm=Fin|Voice=Pass	48165
VERB	recumbo	recumbe	Mood=Imp|Number=Sing|Person=2|Tense=Pres|VerbForm=Fin|Voice=Act	48197
VERB	planto	plantabant	Aspect=Imp|Mood=Ind|Number=Plur|Person=3|Tense=Past|VerbForm=Fin|Voice=Act	48204
VERB	aedifico	aedificabant	Aspect=Imp|Mood=Ind|Number=Plur|Person=3|Tense=Past|VerbForm=Fin|Voice=Act	48205
VERB	respicio	respice	Aspect=Imp|InflClass=LatI2|Mood=Imp|Number=Sing|Person=2|Tense=Pres|VerbForm=Fin|Voice=Act	48221,PlCapt-L-05-620
VERB	absum	absit	Mood=Sub|Number=Sing|Person=3|Tense=Pres|VerbForm=Fin|Voice=Act	17960,26617,26625,26669,26742,26764,26787,26800,26916,27002,27027,28055,29476,29527
VERB	respondeo	respondit	Aspect=Perf|Mood=Ind|Number=Sing|Person=3|Tense=Past|VerbForm=Fin|Voice=Act	19156
VERB	respondeo	responde	Aspect=Imp|InflClass=LatE|Mood=Imp|Number=Sing|Person=2|Tense=Pres|VerbForm=Fin|Voice=Act	PlBacch-L-04-884,PlCapt-L-05-537
VERB	tollo	tolle	Mood=Imp|Number=Sing|Person=2|Tense=Pres|VerbForm=Fin|Voice=Act	19944,63128
VERB	sitio	sitio	Mood=Ind|Number=Sing|Person=1|Tense=Pres|VerbForm=Fin|Voice=Act	19980
VERB	prandeo	prandete	Mood=Imp|Number=Plur|Person=2|Tense=Pres|VerbForm=Fin|Voice=Act	48328
VERB	insanio	insanis	Mood=Ind|Number=Sing|Person=2|Tense=Pres|VerbForm=Fin|Voice=Act	24115
VERB	insanio	insanit	Aspect=Imp|InflClass=LatI|Mood=Ind|Number=Sing|Person=3|Tense=Pres|VerbForm=Fin|Voice=Act	PlCasin-L-06-632
VERB	exsurgo	exsurge	Mood=Imp|Number=Sing|Person=2|Tense=Pres|VerbForm=Fin|Voice=Act	48814
VERB	nubo	nubat	Mood=Sub|Number=Sing|Person=3|Tense=Pres|VerbForm=Fin|Voice=Act	49579
VERB	maranatha	maranatha	_	58407
VERB	dispergo	dispersit	Aspect=Perf|Mood=Ind|Number=Sing|Person=3|Tense=Past|VerbForm=Fin|Voice=Act	49784
VERB	gaudeo	gaudete	Mood=Imp|Number=Plur|Person=2|Tense=Pres|VerbForm=Fin|Voice=Act	49912
VERB	gaudeo	gaude	Aspect=Imp|InflClass=LatE|Mood=Imp|Number=Sing|Person=2|Tense=Pres|VerbForm=Fin|Voice=Act	PlCapt-L-05-630
VERB	arguo	argue	Mood=Imp|Number=Sing|Person=2|Tense=Pres|VerbForm=Fin|Voice=Act	50016
VERB	obsecro	obsecra	Mood=Imp|Number=Sing|Person=2|Tense=Pres|VerbForm=Fin|Voice=Act	50017
VERB	laboro	labora	Mood=Imp|Number=Sing|Person=2|Tense=Pres|VerbForm=Fin|Voice=Act	50020
VERB	caedo	cecidit	Aspect=Perf|Mood=Ind|Number=Sing|Person=3|Tense=Past|VerbForm=Fin|Voice=Act	50182
VERB	scribo	scribe	Aspect=Imp|InflClass=LatX|Mood=Imp|Number=Sing|Person=2|Tense=Pres|VerbForm=Fin|Voice=Act	33918,34087,PlBacch-L-04-708
VERB	cado	cecidit	Aspect=Perf|Mood=Ind|Number=Sing|Person=3|Tense=Past|VerbForm=Fin|Voice=Act	50190
VERB	promitto	promisit	Aspect=Perf|Mood=Ind|Number=Sing|Person=3|Tense=Past|VerbForm=Fin|Voice=Act	82372
VERB	intercedo	intercessit	Aspect=Perf|Mood=Ind|Number=Sing|Person=3|Tense=Past|VerbForm=Fin|Voice=Act	82373
VERB	do	dedit	Aspect=Perf|Mood=Ind|Number=Sing|Person=3|Tense=Past|VerbForm=Fin|Voice=Act	82374
VERB	do	dantur	Aspect=Imp|InflClass=LatA|Mood=Ind|Number=Plur|Person=3|Tense=Pres|VerbForm=Fin|Voice=Pass	Cic2Ver3-D-09-417
VERB	do	dabo	Aspect=Imp|InflClass=LatA|Mood=Ind|Number=Sing|Person=1|Tense=Fut|VerbForm=Fin|Voice=Act	PlBacch-L-04-811,PlBacch-L-04-885,SenHerOe-P-23-404
VERB	do	dabit	Aspect=Imp|InflClass=LatA|Mood=Ind|Number=Sing|Person=3|Tense=Fut|VerbForm=Fin|Voice=Act	PlCurcu-L-08-285
VERB	nego	negaui	Aspect=Perf|Mood=Ind|Number=Sing|Person=1|Tense=Past|VerbForm=Fin|Voice=Act	76442
VERB	nego	negant	Mood=Ind|Number=Plur|Person=3|Tense=Pres|VerbForm=Fin|Voice=Act	76615
VERB	nego	negabunt	Aspect=Imp|InflClass=LatA|Mood=Ind|Number=Plur|Person=3|Tense=Fut|VerbForm=Fin|Voice=Act	Cic2Ver4-D-10-837,Cic2Ver4-D-10-841
VERB	nego	negatis	Aspect=Imp|InflClass=LatA|Mood=Ind|Number=Plur|Person=2|Tense=Pres|VerbForm=Fin|Voice=Act	CicPhi06-D-49-60
VERB	nego	negas	Aspect=Imp|InflClass=LatA|Mood=Ind|Number=Sing|Person=2|Tense=Pres|VerbForm=Fin|Voice=Act	CicQuinc-D-01-387,PersiusS-J-00-290
VERB	nego	negabit	Aspect=Imp|InflClass=LatA|Mood=Ind|Number=Sing|Person=3|Tense=Fut|VerbForm=Fin|Voice=Act	HorSerm2-F-04-564
VERB	nego	negarem	Aspect=Imp|InflClass=LatA|Mood=Sub|Number=Sing|Person=1|Tense=Past|VerbForm=Fin|Voice=Act	PliEp04-M-01-1211
VERB	nego	negauit	Aspect=Perf|InflClass=LatA|Mood=Ind|Number=Sing|Person=3|Tense=Past|VerbForm=Fin|Voice=Act	PliEp10-M-01-3752
VERB	nego	nego	Aspect=Imp|InflClass=LatA|Mood=Ind|Number=Sing|Person=1|Tense=Pres|VerbForm=Fin|Voice=Act	SenBenef-P-06-1751
VERB	fateor	fateor	Aspect=Imp|InflClass=LatE|Mood=Ind|Number=Sing|Person=1|Tense=Pres|VerbForm=Fin|Voice=Pass	76445,PlCasin-L-06-694,PlCurcu-L-08-280,SenEpist-P-03-2421,SenEpist-P-03-3718,SenEpist-P-03-7791,SenThyes-P-22-97
VERB	fateor	fatebuntur	Aspect=Imp|InflClass=LatE|Mood=Ind|Number=Plur|Person=3|Tense=Fut|VerbForm=Fin|Voice=Pass	Cic2Ver4-D-10-835
VERB	uoco	uoco	Mood=Ind|Number=Sing|Person=1|Tense=Pres|VerbForm=Fin|Voice=Act	76614
VERB	uoco	uoca	Aspect=Imp|InflClass=LatA|Mood=Imp|Number=Sing|Person=2|Tense=Pres|VerbForm=Fin|Voice=Act	OviEpist-I-05-1843,PlCapt-L-05-247
VERB	fio	fiat	Aspect=Imp|InflClass=LatAnom|Mood=Sub|Number=Sing|Person=3|Tense=Pres|VerbForm=Fin|Voice=Act	76733,PlAmphi-L-01-629,PlAulul-L-03-189,PlCapt-L-05-132
VERB	salueo	salue	Aspect=Imp|InflClass=LatE|Mood=Imp,Ind|Number=Sing|Person=2|Tense=Pres|VerbForm=Fin|Voice=Act	85805,PlAsina-L-02-526,PlBacch-L-04-239,PlBacch-L-04-487,PlBacch-L-04-548,PlCurcu-L-08-120,PlCurcu-L-08-322
VERB	uolito	uolitat	Mood=Ind|Number=Sing|Person=3|Tense=Pres|VerbForm=Fin|Voice=Act	76938
VERB	furo	furit	Mood=Ind|Number=Sing|Person=3|Tense=Pres|VerbForm=Fin|Voice=Act	81828
VERB	occurro	occurritur	Mood=Ind|Number=Sing|Person=3|Tense=Pres|VerbForm=Fin|Voice=Pass	81837
VERB	facio	faciam	Aspect=Imp|InflClass=LatI2|Mood=Ind|Number=Sing|Person=1|Tense=Fut|VerbForm=Fin|Voice=Act	77096,PlCapt-L-05-227
VERB	facio	fac	Mood=Imp|Number=Sing|Person=2|Tense=Pres|VerbForm=Fin|Voice=Act	77265
VERB	facio	faciet	Aspect=Imp|InflClass=LatI2|Mood=Ind|Number=Sing|Person=3|Tense=Fut|VerbForm=Fin|Voice=Act	PlBacch-L-04-1181
VERB	facio	faciunt	Aspect=Imp|InflClass=LatI2|Mood=Ind|Number=Plur|Person=3|Tense=Pres|VerbForm=Fin|Voice=Act	SenIra1-P-10-93
VERB	obnuntio	obnuntiat	Mood=Ind|Number=Sing|Person=3|Tense=Pres|VerbForm=Fin|Voice=Act	84791
VERB	queror	queritur	Mood=Ind|Number=Sing|Person=3|Tense=Pres|VerbForm=Fin|Voice=Pass	85031
VERB	ignosco	ignosce	Mood=Imp|Number=Sing|Person=2|Tense=Pres|VerbForm=Fin|Voice=Act	77828
VERB	quaeso	quaeso	Mood=Ind|Number=Sing|Person=1|Tense=Pres|VerbForm=Fin|Voice=Act	85695
VERB	aufero	abstuli	Aspect=Perf|Mood=Ind|Number=Sing|Person=1|Tense=Past|VerbForm=Fin|Voice=Act	78163
VERB	aperio	aperui	Aspect=Perf|Mood=Ind|Number=Sing|Person=1|Tense=Past|VerbForm=Fin|Voice=Act	85738
VERB	lego	legi	Aspect=Perf|Mood=Ind|Number=Sing|Person=1|Tense=Past|VerbForm=Fin|Voice=Act	85739
VERB	incendo	incendimus	Aspect=Perf|Mood=Ind|Number=Plur|Person=1|Tense=Past|VerbForm=Fin|Voice=Act	89035
VERB	discedo	discessit	Aspect=Perf|InflClass=LatX|Mood=Ind|Number=Sing|Person=3|Tense=Past|VerbForm=Fin|Voice=Act	85847,SenMedea-P-18-251
VERB	assido	adsidunt	Mood=Ind|Number=Plur|Person=3|Tense=Pres|VerbForm=Fin|Voice=Act	78502
VERB	subduco	subducunt	Mood=Ind|Number=Plur|Person=3|Tense=Pres|VerbForm=Fin|Voice=Act	85857
VERB	patior	patiar	Mood=Ind|Number=Sing|Person=1|Tense=Fut|VerbForm=Fin|Voice=Pass	85886
VERB	obsequor	obsequor	Mood=Ind|Number=Sing|Person=1|Tense=Pres|VerbForm=Fin|Voice=Pass	85909
VERB	orno	orno	Mood=Ind|Number=Sing|Person=1|Tense=Pres|VerbForm=Fin|Voice=Act	85911
VERB	puto	puto	Mood=Ind|Number=Sing|Person=1|Tense=Pres|VerbForm=Fin|Voice=Act	78738
VERB	greekexpression	αλλ	_	79063
VERB	perficio	perfice	Mood=Imp|Number=Sing|Person=2|Tense=Pres|VerbForm=Fin|Voice=Act	225201
VERB	dono	dono	Mood=Ind|Number=Sing|Person=1|Tense=Pres|VerbForm=Fin|Voice=Act	86198
VERB	futo	futare	InflClass=LatA|Number=Sing|Voice=Act	CatFrag-B-04-51
VERB	latito	latitauerunt	Aspect=Perf|InflClass=LatA|Mood=Ind|Number=Plur|Person=3|Tense=Past|VerbForm=Fin|Voice=Act	CatFrag-B-04-55
VERB	uerberito	uerberitare	InflClass=LatA|Number=Sing|Voice=Act	CatFrag-B-04-66
VERB	soleo	solui	Aspect=Perf|InflClass=LatE|Mood=Ind|Number=Sing|Person=1|Tense=Past|VerbForm=Fin|Voice=Pass	CatFrag-B-04-78
VERB	recipio	recipie	Aspect=Imp|InflClass=LatI2|Mood=Ind|Number=Sing|Person=1|Tense=Fut|VerbForm=Fin|Voice=Act	CatFrag-B-04-80
VERB	ostendo	ostende	Aspect=Imp|InflClass=LatX|Mood=Imp,Ind|Number=Sing|Person=1,2|Tense=Fut,Pres|VerbForm=Fin|Voice=Act	CatFrag-B-04-81,PlCasin-L-06-380
VERB	attingo	attinge	Aspect=Imp|InflClass=LatX|Mood=Ind|Number=Sing|Person=1|Tense=Fut|VerbForm=Fin|Voice=Act	CatFrag-B-04-82
VERB	inquio	inquies	Aspect=Imp|InflClass=LatAnom|Mood=Ind|Number=Sing|Person=2|Tense=Fut|VerbForm=Fin|Voice=Act	Catul-C-00-117,CicSRosc-D-02-157,PlAmphi-L-01-763
VERB	inquio	inquit	Aspect=Imp|InflClass=LatAnom|Mood=Ind|Number=Sing|Person=3|Tense=Pres|VerbForm=Fin|Voice=Act	Cic2Ver2-D-08-353,PlCurcu-L-08-383,VerAen08-S-03-1775,VerAen09-S-03-2259
VERB	inquio	inquam	Aspect=Imp|InflClass=LatAnom|Mood=Ind|Number=Sing|Person=1|Tense=Pres|VerbForm=Fin|Voice=Act	PlCapt-L-05-318,PlCapt-L-05-321,PlCurcu-L-08-378
VERB	inquio	inquis	Aspect=Imp|InflClass=LatAnom|Mood=Ind|Number=Sing|Person=2|Tense=Pres|VerbForm=Fin|Voice=Act	PliEp01-M-01-91,PliEp07-M-01-2367
VERB	damno	damnatum	Aspect=Perf|Case=Acc|Degree=Pos|Gender=Masc,Neut|InflClass=LatA|InflClass[nominal]=IndEurO|Number=Sing|VerbForm=Part|Voice=Pass	CicDomo-D-30-206
VERB	damno	damnatus	Aspect=Perf|Case=Nom|Degree=Pos|Gender=Masc|InflClass=LatA|InflClass[nominal]=IndEurO|Number=Sing|VerbForm=Part|Voice=Pass	Cic2Ver3-D-09-138
VERB	expello	expulsum	Aspect=Perf|Case=Acc|Degree=Pos|Gender=Masc,Neut|InflClass=LatX|InflClass[nominal]=IndEurO|Number=Sing|VerbForm=Part|Voice=Pass	CicDomo-D-30-208
VERB	conficio	confecit	Aspect=Perf|InflClass=LatI2|Mood=Ind|Number=Sing|Person=3|Tense=Past|VerbForm=Fin|Voice=Act	CicDeImp-D-14-197
VERB	praesum	praefuit	Aspect=Perf|InflClass=LatAnom|Mood=Ind|Number=Sing|Person=3|Tense=Past|VerbForm=Fin|Voice=Act	CicDeImp-D-14-199
VERB	gero	gessit	Aspect=Perf|InflClass=LatX|Mood=Ind|Number=Sing|Person=3|Tense=Past|VerbForm=Fin|Voice=Act	CicDeImp-D-14-201
VERB	exigo	exigetur	Aspect=Imp|InflClass=LatX|Mood=Ind|Number=Sing|Person=3|Tense=Fut|VerbForm=Fin|Voice=Pass	CicLegA1-D-16-73
VERB	ueto	uetat	Aspect=Imp|InflClass=LatA|Mood=Ind|Number=Sing|Person=3|Tense=Pres|VerbForm=Fin|Voice=Act	CicLegA1-D-16-74
VERB	ueto	uotuisti	Aspect=Perf|InflClass=LatA|Mood=Ind|Number=Sing|Person=2|Tense=Past|VerbForm=Fin|Voice=Act	PlCapt-L-05-525
VERB	possideo	possessa	Aspect=Perf|Case=Nom|Degree=Pos|Gender=Neut|InflClass=LatE|InflClass[nominal]=IndEurO|Number=Plur|VerbForm=Part|Voice=Pass	CicLegA3-D-18-45
VERB	impetro	impetrat	Aspect=Imp|InflClass=LatA|Mood=Ind|Number=Sing|Person=3|Tense=Pres|VerbForm=Fin|Voice=Act	CicOffic3-D-77-1189
VERB	impetro	impetrasti	Aspect=Perf|InflClass=LatA|Mood=Ind|Number=Sing|Person=2|Tense=Past|VerbForm=Fin|Voice=Act	PlAsina-L-02-681
VERB	impetro	impetras	Aspect=Imp|InflClass=LatA|Mood=Ind|Number=Sing|Person=2|Tense=Pres|VerbForm=Fin|Voice=Act	PlEpidic-L-09-364
VERB	annuo	adnuit	Aspect=Perf|InflClass=LatX|Mood=Ind|Number=Sing|Person=3|Tense=Past|VerbForm=Fin|Voice=Act	CicCat3-D-22-35,OvFasti4-I-06-1103
VERB	recito	recita	Aspect=Imp|InflClass=LatA|Mood=Imp|Number=Sing|Person=2|Tense=Pres|VerbForm=Fin|Voice=Act	Cic2Ver1-D-07-132,Cic2Ver1-D-07-223,Cic2Ver1-D-07-348,Cic2Ver1-D-07-400,Cic2Ver1-D-07-450,Cic2Ver1-D-07-577,Cic2Ver1-D-07-581,Cic2Ver1-D-07-583,Cic2Ver1-D-07-652,Cic2Ver1-D-07-661,Cic2Ver1-D-07-708,Cic2Ver2-D-08-90,Cic2Ver3-D-09-95,Cic2Ver3-D-09-102,Cic2Ver3-D-09-234,Cic2Ver3-D-09-425,Cic2Ver3-D-09-479,Cic2Ver3-D-09-520,Cic2Ver3-D-09-611,Cic2Ver3-D-09-752,Cic2Ver3-D-09-755,Cic2Ver3-D-09-911,Cic2Ver3-D-09-1050,Cic2Ver4-D-10-62,Cic2Ver4-D-10-328,Cic2Ver4-D-10-778,Cic2Ver5-D-11-231,Cic2Ver5-D-11-273,CicAClu-D-15-692,CicCael-D-34-275,CicFlac-D-27-480
VERB	recito	recitabimus	Aspect=Imp|InflClass=LatA|Mood=Ind|Number=Plur|Person=1|Tense=Fut|VerbForm=Fin|Voice=Act	CicQRosc-D-03-320
VERB	pernego	pernegabant	Aspect=Imp|InflClass=LatA|Mood=Ind|Number=Plur|Person=3|Tense=Past|VerbForm=Fin|Voice=Act	Cic2Ver3-D-09-370
VERB	emo	emebat	Aspect=Imp|InflClass=LatX|Mood=Ind|Number=Sing|Person=3|Tense=Past|VerbForm=Fin|Voice=Act	Cic2Ver4-D-10-363
VERB	emo	emisses	Aspect=Perf|InflClass=LatX|Mood=Sub|Number=Sing|Person=2|Tense=Pqp|VerbForm=Fin|Voice=Act	CicFlac-D-27-428
VERB	decerno	decernitur	Aspect=Imp|InflClass=LatX|Mood=Ind|Number=Sing|Person=3|Tense=Pres|VerbForm=Fin|Voice=Pass	Cic2Ver4-D-10-781
VERB	desero	deseruerat	Aspect=Perf|InflClass=LatX|Mood=Ind|Number=Sing|Person=3|Tense=Pqp|VerbForm=Fin|Voice=Act	Cic2Ver5-D-11-505
VERB	concedo	concedo	Aspect=Imp|InflClass=LatX|Mood=Ind|Number=Sing|Person=1|Tense=Pres|VerbForm=Fin|Voice=Act	CicPhi02-D-45-280
VERB	obsum	obfutura	Aspect=Prosp|Case=Nom|Degree=Pos|Gender=Fem|InflClass=LatAnom|InflClass[nominal]=IndEurA|Number=Sing|VerbForm=Part|Voice=Act	CicPhi12-D-55-48
VERB	opinor	opinor	Aspect=Imp|InflClass=LatA|Mood=Ind|Number=Sing|Person=1|Tense=Pres|VerbForm=Fin|Voice=Pass	CicACaec-D-13-222,PlCapt-L-05-538
VERB	occido	occidit	Aspect=Perf|InflClass=LatX|Mood=Ind|Number=Sing|Person=3|Tense=Past|VerbForm=Fin|Voice=Act	CicMil-D-40-266
VERB	occido	occidi	Aspect=Perf|InflClass=LatX|Mood=Ind|Number=Sing|Person=1|Tense=Past|VerbForm=Fin|Voice=Act	PlBacch-L-04-637
VERB	rogo	rogas	Aspect=Imp|InflClass=LatA|Mood=Ind|Number=Sing|Person=2|Tense=Pres|VerbForm=Fin|Voice=Act	CicMil-D-40-278,PersiusS-J-00-295,PlBacch-L-04-199,PlBacch-L-04-213,PlBacch-L-04-946,PlCasin-L-06-171,PlEpidic-L-09-116,PlEpidic-L-09-331
VERB	rogo	rogat	Aspect=Imp|InflClass=LatA|Mood=Ind|Number=Sing|Person=3|Tense=Pres|VerbForm=Fin|Voice=Act	SenThyes-P-22-187
VERB	sustineo	sustinuit	Aspect=Perf|InflClass=LatE|Mood=Ind|Number=Sing|Person=3|Tense=Past|VerbForm=Fin|Voice=Act	CicMil-D-40-309
VERB	turbo	turbarunt	Aspect=Perf|InflClass=LatA|Mood=Ind|Number=Plur|Person=3|Tense=Past|VerbForm=Fin|Voice=Act	CicMTull-D-04-68
VERB	conuinco	conuince	Aspect=Imp|InflClass=LatX|Mood=Imp|Number=Sing|Person=2|Tense=Pres|VerbForm=Fin|Voice=Act	CicMur-D-24-396
VERB	doceo	doce	Aspect=Imp|InflClass=LatE|Mood=Imp|Number=Sing|Person=2|Tense=Pres|VerbForm=Fin|Voice=Act	CicMur-D-24-399
VERB	assum	adest	Aspect=Imp|InflClass=LatAnom|Mood=Ind|Number=Sing|Person=3|Tense=Pres|VerbForm=Fin|Voice=Act	CicQRosc-D-03-69,PlEpidic-L-09-174,PlEpidic-L-09-491
VERB	assum	adero	Aspect=Imp|InflClass=LatAnom|Mood=Ind|Number=Sing|Person=1|Tense=Fut|VerbForm=Fin|Voice=Act	PlBacch-L-04-967
VERB	egeo	egebat	Aspect=Imp|InflClass=LatE|Mood=Ind|Number=Sing|Person=3|Tense=Past|VerbForm=Fin|Voice=Act	CicQRosc-D-03-143
VERB	debeo	debebat	Aspect=Imp|InflClass=LatE|Mood=Ind|Number=Sing|Person=3|Tense=Past|VerbForm=Fin|Voice=Act	CicQRosc-D-03-145
VERB	scio	sciebat	Aspect=Imp|InflClass=LatI|Mood=Ind|Number=Sing|Person=3|Tense=Past|VerbForm=Fin|Voice=Act	CicQRosc-D-03-252
VERB	scio	scio	Aspect=Imp|InflClass=LatI|Mood=Ind|Number=Sing|Person=1|Tense=Pres|VerbForm=Fin|Voice=Act	PlAmphi-L-01-947,PlAmphi-L-01-949,PlAsina-L-02-323,PlCapt-L-05-145,PlCasin-L-06-212,PlCasin-L-06-389,PlEpidic-L-09-257,PlEpidic-L-09-326
VERB	scio	scin	Aspect=Imp|InflClass=LatI|Mood=Ind|Number=Sing|Person=2|Tense=Pres|VerbForm=Fin|Voice=Act	PlAulul-L-03-257
VERB	scio	scies	Aspect=Imp|InflClass=LatI|Mood=Ind|Number=Sing|Person=2|Tense=Fut|VerbForm=Fin|Voice=Act	PlEpidic-L-09-54,PlEpidic-L-09-80
VERB	certe	certe	Degree=Pos	CicQRosc-D-03-297
VERB	benedico	benedixit	Aspect=Perf|InflClass=LatX|Mood=Ind|Number=Sing|Person=3|Tense=Past|VerbForm=Fin|Voice=Act	CicSest-D-32-444
VERB	benedico	benedice	Aspect=Imp|InflClass=LatX|Mood=Imp|Number=Sing|Person=2|Tense=Pres|VerbForm=Fin|Voice=Act	PlCasin-L-06-262
VERB	cogito	cogitabat	Aspect=Imp|InflClass=LatA|Mood=Ind|Number=Sing|Person=3|Tense=Past|VerbForm=Fin|Voice=Act	CicSRosc-D-02-191,CicSRosc-D-02-192
VERB	mercor	mercatur	Aspect=Imp|InflClass=LatA|Mood=Ind|Number=Sing|Person=3|Tense=Pres|VerbForm=Fin|Voice=Pass	HorEpis1-F-05-163
VERB	consisto	consistimus	Aspect=Imp|InflClass=LatX|Mood=Ind|Number=Plur|Person=1|Tense=Pres|VerbForm=Fin|Voice=Act	HorSerm1-F-04-336
VERB	praescribo	praescribe	Aspect=Imp|InflClass=LatX|Mood=Imp|Number=Sing|Person=2|Tense=Pres|VerbForm=Fin|Voice=Act	HorSerm2-F-04-384
VERB	quiesco	quiescas	Aspect=Imp|InflClass=LatX|Mood=Sub|Number=Sing|Person=2|Tense=Pres|VerbForm=Fin|Voice=Act	HorSerm2-F-04-385
VERB	incipio	incipe	Aspect=Imp|InflClass=LatI2|Mood=Imp|Number=Sing|Person=2|Tense=Pres|VerbForm=Fin|Voice=Act	HorSerm2-F-04-482
VERB	consulo	consule	Aspect=Imp|InflClass=LatX|Mood=Imp|Number=Sing|Person=2|Tense=Pres|VerbForm=Fin|Voice=Act	HorSerm2-F-04-576
VERB	moror	moraris	Aspect=Imp|InflClass=LatA|Mood=Ind|Number=Sing|Person=2|Tense=Pres|VerbForm=Fin|Voice=Pass	JuvSatur-G-00-50
VERB	moror	morare	Aspect=Imp|InflClass=LatA|Mood=Ind|Number=Sing|Person=2|Tense=Pres|VerbForm=Fin|Voice=Pass	PlBacch-L-04-1035
VERB	concido	conciditur	Aspect=Imp|InflClass=LatX|Mood=Ind|Number=Sing|Person=3|Tense=Pres|VerbForm=Fin|Voice=Pass	JuvSatur-G-00-340
VERB	haereo	haeremus	Aspect=Imp|InflClass=LatE|Mood=Ind|Number=Plur|Person=1|Tense=Pres|VerbForm=Fin|Voice=Act	JuvSatur-G-00-560
VERB	haereo	haereo	Aspect=Imp|InflClass=LatE|Mood=Ind|Number=Sing|Person=1|Tense=Pres|VerbForm=Fin|Voice=Act	PlCapt-L-05-345
VERB	pugno	pugnet	Aspect=Imp|InflClass=LatA|Mood=Sub|Number=Sing|Person=3|Tense=Pres|VerbForm=Fin|Voice=Act	OvFasti2-I-06-625
VERB	clamo	clamet	Aspect=Imp|InflClass=LatA|Mood=Sub|Number=Sing|Person=3|Tense=Pres|VerbForm=Fin|Voice=Act	OvFasti2-I-06-627
VERB	effugio	effugiat	Aspect=Imp|InflClass=LatI2|Mood=Sub|Number=Sing|Person=3|Tense=Pres|VerbForm=Fin|Voice=Act	OvFasti2-I-06-629
VERB	iaceo	iacent	Aspect=Imp|InflClass=LatE|Mood=Ind|Number=Plur|Person=3|Tense=Pres|VerbForm=Fin|Voice=Act	OviEpist-I-05-269
VERB	perlego	perlegis	Aspect=Imp|InflClass=LatX|Mood=Ind|Number=Sing|Person=2|Tense=Pres|VerbForm=Fin|Voice=Act	OviEpist-I-05-282
VERB	perlego	perlege	Aspect=Imp|InflClass=LatX|Mood=Imp|Number=Sing|Person=2|Tense=Pres|VerbForm=Fin|Voice=Act	OviEpist-I-05-284,OviEpist-I-05-1798
VERB	perlego	pellege	Aspect=Imp|InflClass=LatX|Mood=Imp|Number=Sing|Person=2|Tense=Pres|VerbForm=Fin|Voice=Act	PlBacch-L-04-958
VERB	reuoco	reuoco	Aspect=Imp|InflClass=LatA|Mood=Ind|Number=Sing|Person=1|Tense=Pres|VerbForm=Fin|Voice=Act	OviEpist-I-05-1027
VERB	fallo	falleris	Aspect=Imp|InflClass=LatX|Mood=Ind|Number=Sing|Person=2|Tense=Pres|VerbForm=Fin|Voice=Pass	OviEpist-I-05-1382
VERB	ignoro	ignorat	Aspect=Imp|InflClass=LatA|Mood=Ind|Number=Sing|Person=3|Tense=Pres|VerbForm=Fin|Voice=Act	OviEpist-I-05-1383
VERB	nugor	nugaris	Aspect=Imp|InflClass=LatA|Mood=Ind|Number=Sing|Person=2|Tense=Pres|VerbForm=Fin|Voice=Pass	PersiusS-J-00-317
VERB	audeo	aude	Aspect=Imp|InflClass=LatE|Mood=Imp|Number=Sing|Person=2|Tense=Pres|VerbForm=Fin|Voice=Act	PersiusS-J-00-351
VERB	despolio	despolia	Aspect=Imp|InflClass=LatA|Mood=Imp|Number=Sing|Person=2|Tense=Pres|VerbForm=Fin|Voice=Act	PetronSa-K-00-596
VERB	uapulo	uapula	Aspect=Imp|InflClass=LatA|Mood=Imp|Number=Sing|Person=2|Tense=Pres|VerbForm=Fin|Voice=Act	PlAmphi-L-01-252,PlAsina-L-02-427
VERB	tento	temptas	Aspect=Imp|InflClass=LatA|Mood=Ind|Number=Sing|Person=2|Tense=Pres|VerbForm=Fin|Voice=Act	PlAmphi-L-01-533
VERB	specto	specto	Aspect=Imp|InflClass=LatA|Mood=Ind|Number=Sing|Person=1|Tense=Pres|VerbForm=Fin|Voice=Act	PlAmphi-L-01-607
VERB	inspicio	inspice	Aspect=Imp|InflClass=LatI2|Mood=Imp|Number=Sing|Person=2|Tense=Pres|VerbForm=Fin|Voice=Act	PlAmphi-L-01-635
VERB	lauo	lauisti	Aspect=Perf|InflClass=LatA|Mood=Ind|Number=Sing|Person=2|Tense=Past|VerbForm=Fin|Voice=Act	PlAmphi-L-01-672
VERB	accumbo	accubuisti	Aspect=Perf|InflClass=LatX|Mood=Ind|Number=Sing|Person=2|Tense=Past|VerbForm=Fin|Voice=Act	PlAmphi-L-01-674
VERB	perdo	perdidisti	Aspect=Perf|InflClass=LatX|Mood=Ind|Number=Sing|Person=2|Tense=Past|VerbForm=Fin|Voice=Act	PlAmphi-L-01-688
VERB	conuenio	conuenit	Aspect=Imp|InflClass=LatI|Mood=Ind|Number=Sing|Person=3|Tense=Pres|VerbForm=Fin|Voice=Act	PlAmphi-L-01-732,PlCapt-L-05-484,PlCasin-L-06-189
VERB	maneo	mane	Aspect=Imp|InflClass=LatE|Mood=Imp|Number=Sing|Person=2|Tense=Pres|VerbForm=Fin|Voice=Act	PlAmphi-L-01-777,PlBacch-L-04-610,PlCasin-L-06-131
VERB	censeo	censeo	Aspect=Imp|InflClass=LatE|Mood=Ind|Number=Sing|Person=1|Tense=Pres|VerbForm=Fin|Voice=Act	PlAmphi-L-01-808
VERB	intereo	interii	Aspect=Perf|InflClass=LatAnom|Mood=Ind|Number=Sing|Person=1|Tense=Past|VerbForm=Fin|Voice=Act	PlAmphi-L-01-936
VERB	loquor	loquere	Aspect=Imp|InflClass=LatX|Mood=Imp|Number=Sing|Person=2|Tense=Pres|VerbForm=Fin|Voice=Pass	PlAmphi-L-01-960,PlBacch-L-04-721,PlCasin-L-06-455
VERB	loquor	loquitur	Aspect=Imp|InflClass=LatX|Mood=Ind|Number=Sing|Person=3|Tense=Pres|VerbForm=Fin|Voice=Pass	PlCapt-L-05-764
VERB	occipio	occepimus	Aspect=Perf|InflClass=LatI2|Mood=Ind|Number=Plur|Person=1|Tense=Past|VerbForm=Fin|Voice=Act	PlAmphi-L-01-970
VERB	redimo	redimam	Aspect=Imp|InflClass=LatX|Mood=Ind|Number=Sing|Person=1|Tense=Fut|VerbForm=Fin|Voice=Act	PlAsina-L-02-75
VERB	ambulo	ambula	Aspect=Imp|InflClass=LatA|Mood=Imp|Number=Sing|Person=2|Tense=Pres|VerbForm=Fin|Voice=Act	PlAsina-L-02-79
VERB	memini	meminero	Aspect=Perf|InflClass=LatX|Mood=Ind|Number=Sing|Person=1|Tense=Fut|VerbForm=Fin|Voice=Act	PlAsina-L-02-91,PlCapt-L-05-267,PlCasin-L-06-484
VERB	memini	memini	Aspect=Perf|InflClass=LatX|Mood=Ind|Number=Sing|Person=1|Tense=Past|VerbForm=Fin|Voice=Act	PlAsina-L-02-250,PlAsina-L-02-433,PlAulul-L-03-209
VERB	memini	memento	Aspect=Imp|InflClass=LatX|Mood=Imp|Number=Sing|Person=2|Tense=Fut|VerbForm=Fin|Voice=Act	PlAsina-L-02-432
VERB	memini	meministin	Aspect=Perf|InflClass=LatX|Mood=Ind|Number=Sing|Person=2|Tense=Past|VerbForm=Fin|Voice=Act	PlEpidic-L-09-597
VERB	abutor	abusa	Aspect=Perf|Case=Nom|Degree=Pos|Gender=Neut|InflClass=LatX|InflClass[nominal]=IndEurO|Number=Plur|VerbForm=Part|Voice=Pass	PlAsina-L-02-141
VERB	beo	beas	Aspect=Imp|InflClass=LatA|Mood=Ind|Number=Sing|Person=2|Tense=Pres|VerbForm=Fin|Voice=Act	PlAsina-L-02-248
VERB	soluo	soluit	Aspect=Perf|InflClass=LatX|Mood=Ind|Number=Sing|Person=3|Tense=Past|VerbForm=Fin|Voice=Act	PlAsina-L-02-362
VERB	moneo	mone	Aspect=Imp|InflClass=LatE|Mood=Imp|Number=Sing|Person=2|Tense=Pres|VerbForm=Fin|Voice=Act	PlAsina-L-02-490
VERB	hariolor	hariolare	Aspect=Imp|InflClass=LatA|Mood=Ind|Number=Sing|Person=2|Tense=Pres|VerbForm=Fin|Voice=Pass	PlAsina-L-02-507
VERB	subausculto	subauscultemus	Aspect=Imp|InflClass=LatA|Mood=Sub|Number=Plur|Person=1|Tense=Pres|VerbForm=Fin|Voice=Act	PlAsina-L-02-515
VERB	complector	complectere	Aspect=Imp|InflClass=LatX|Mood=Imp|Number=Sing|Person=2|Tense=Pres|VerbForm=Fin|Voice=Pass	PlAsina-L-02-554
VERB	euenio	eueniet	Aspect=Imp|InflClass=LatI|Mood=Ind|Number=Sing|Person=3|Tense=Fut|VerbForm=Fin|Voice=Act	PlAsina-L-02-679
VERB	sequor	sequor	Aspect=Imp|InflClass=LatX|Mood=Ind|Number=Sing|Person=1|Tense=Pres|VerbForm=Fin|Voice=Pass	PlAsina-L-02-761,PlBacch-L-04-453,PlBacch-L-04-530,PlCurcu-L-08-404
VERB	sequor	sequere	Aspect=Imp|InflClass=LatX|Mood=Imp|Number=Sing|Person=2|Tense=Pres|VerbForm=Fin|Voice=Pass	PlBacch-L-04-369,PlCapt-L-05-252,PlCapt-L-05-355,PlCasin-L-06-276
VERB	sequor	sequimini	Aspect=Imp|InflClass=LatX|Mood=Imp|Number=Plur|Person=2|Tense=Pres|VerbForm=Fin|Voice=Pass	PlCurcu-L-08-485
VERB	eloquor	eloquar	Aspect=Imp|InflClass=LatX|Mood=Ind|Number=Sing|Person=1|Tense=Fut|VerbForm=Fin|Voice=Pass	PlAulul-L-03-107,PlCurcu-L-08-434
VERB	despondeo	desponde	Aspect=Imp|InflClass=LatE|Mood=Imp|Number=Sing|Person=2|Tense=Pres|VerbForm=Fin|Voice=Act	PlAulul-L-03-188
VERB	spondeo	spondeo	Aspect=Imp|InflClass=LatE|Mood=Ind|Number=Sing|Person=1|Tense=Pres|VerbForm=Fin|Voice=Act	PlAulul-L-03-205,PlCapt-L-05-723,PlEpidic-L-09-13
VERB	cupio	cupio	Aspect=Imp|InflClass=LatI2|Mood=Ind|Number=Sing|Person=1|Tense=Pres|VerbForm=Fin|Voice=Act	PlBacch-L-04-110,SenMedea-P-18-65
VERB	habeo	habeat	Aspect=Imp|InflClass=LatE|Mood=Sub|Number=Sing|Person=3|Tense=Pres|VerbForm=Fin|Voice=Act	PlBacch-L-04-456
VERB	habeo	habet	Aspect=Imp|InflClass=LatE|Mood=Ind|Number=Sing|Person=3|Tense=Pres|VerbForm=Fin|Voice=Act	PlCasin-L-06-626
VERB	abeo	abeas	Aspect=Imp|InflClass=LatAnom|Mood=Sub|Number=Sing|Person=2|Tense=Pres|VerbForm=Fin|Voice=Act	PlBacch-L-04-572
VERB	abeo	abeo	Aspect=Imp|InflClass=LatAnom|Mood=Ind|Number=Sing|Person=1|Tense=Pres|VerbForm=Fin|Voice=Act	PlCapt-L-05-29,PlEpidic-L-09-112,PlEpidic-L-09-424
VERB	abeo	abiero	Aspect=Perf|InflClass=LatAnom|Mood=Ind|Number=Sing|Person=1|Tense=Fut|VerbForm=Fin|Voice=Act	PlEpidic-L-09-551
VERB	erro	erras	Aspect=Imp|InflClass=LatA|Mood=Ind|Number=Sing|Person=2|Tense=Pres|VerbForm=Fin|Voice=Act	PlBacch-L-04-634
VERB	reddo	reddidisti	Aspect=Perf|InflClass=LatX|Mood=Ind|Number=Sing|Person=2|Tense=Past|VerbForm=Fin|Voice=Act	PlBacch-L-04-642
VERB	reddo	reddidi	Aspect=Perf|InflClass=LatX|Mood=Ind|Number=Sing|Person=1|Tense=Past|VerbForm=Fin|Voice=Act	PlBacch-L-04-643
VERB	accipio	accipe	Aspect=Imp|InflClass=LatI2|Mood=Imp|Number=Sing|Person=2|Tense=Pres|VerbForm=Fin|Voice=Act	PlBacch-L-04-740,PlEpidic-L-09-608
VERB	fugio	fugimus	Aspect=Imp|InflClass=LatI2|Mood=Ind|Number=Plur|Person=1|Tense=Pres|VerbForm=Fin|Voice=Act	PlBacch-L-04-747
VERB	fugio	fugiet	Aspect=Imp|InflClass=LatI2|Mood=Ind|Number=Sing|Person=3|Tense=Fut|VerbForm=Fin|Voice=Act	SenPhaed-P-19-79
VERB	accedo	accessero	Aspect=Perf|InflClass=LatX|Mood=Ind|Number=Sing|Person=1|Tense=Fut|VerbForm=Fin|Voice=Act	PlBacch-L-04-759
VERB	accedo	accedito	Aspect=Imp|InflClass=LatX|Mood=Imp|Number=Sing|Person=2|Tense=Fut|VerbForm=Fin|Voice=Act	PlCapt-L-05-8
VERB	nosco	noui	Aspect=Perf|InflClass=LatX|Mood=Ind|Number=Sing|Person=1|Tense=Past|VerbForm=Fin|Voice=Act	PlBacch-L-04-775,PlBacch-L-04-826,PlBacch-L-04-956
VERB	nosco	nostin	Aspect=Perf|InflClass=LatX|Mood=Ind|Number=Sing|Person=2|Tense=Past|VerbForm=Fin|Voice=Act	PlCurcu-L-08-453
VERB	inuenio	inueneris	Aspect=Perf|InflClass=LatI|Mood=Ind|Number=Sing|Person=2|Tense=Fut|VerbForm=Fin|Voice=Act	PlBacch-L-04-833
VERB	congredior	congredere	Aspect=Imp|InflClass=LatI2|Mood=Imp|Number=Sing|Person=2|Tense=Pres|VerbForm=Fin|Voice=Pass	PlBacch-L-04-947
VERB	congredior	congrediar	Aspect=Imp|InflClass=LatI2|Mood=Sub|Number=Sing|Person=1|Tense=Pres|VerbForm=Fin|Voice=Pass	PlCurcu-L-08-258
VERB	gradior	gradior	Aspect=Imp|InflClass=LatI2|Mood=Ind|Number=Sing|Person=1|Tense=Pres|VerbForm=Fin|Voice=Pass	PlBacch-L-04-948
VERB	spero	spero	Aspect=Imp|InflClass=LatA|Mood=Ind|Number=Sing|Person=1|Tense=Pres|VerbForm=Fin|Voice=Act	PlCapt-L-05-143
VERB	crucio	crucior	Aspect=Imp|InflClass=LatA|Mood=Ind|Number=Sing|Person=1|Tense=Pres|VerbForm=Fin|Voice=Pass	PlCapt-L-05-417
VERB	abduco	abducite	Aspect=Imp|InflClass=LatX|Mood=Imp|Number=Plur|Person=2|Tense=Pres|VerbForm=Fin|Voice=Act	PlCapt-L-05-558
VERB	teneo	tene	Aspect=Imp|InflClass=LatE|Mood=Imp|Number=Sing|Person=2|Tense=Pres|VerbForm=Fin|Voice=Act	PlCapt-L-05-629
VERB	libet	lubet	Aspect=Imp|InflClass=LatE|Mood=Ind|Number=Sing|Person=3|Tense=Pres|VerbForm=Fin|Voice=Act	PlCasin-L-06-41,PlCurcu-L-08-143
VERB	libet	lubuit	Aspect=Perf|InflClass=LatE|Mood=Ind|Number=Sing|Person=3|Tense=Past|VerbForm=Fin|Voice=Act	PlEpidic-L-09-801
VERB	eneco	enicas	Aspect=Imp|InflClass=LatA|Mood=Ind|Number=Sing|Person=2|Tense=Pres|VerbForm=Fin|Voice=Act	PlCasin-L-06-139
VERB	intelligo	intellego	Aspect=Imp|InflClass=LatX|Mood=Ind|Number=Sing|Person=1|Tense=Pres|VerbForm=Fin|Voice=Act	PlCasin-L-06-204,PlEpidic-L-09-298,PlEpidic-L-09-333
VERB	caueo	caue	Aspect=Imp|InflClass=LatE|Mood=Imp|Number=Sing|Person=2|Tense=Pres|VerbForm=Fin|Voice=Act	PlCasin-L-06-318
VERB	licet	licet	Aspect=Imp|InflClass=LatE|Mood=Ind|Number=Sing|Person=3|Tense=Pres|VerbForm=Fin|Voice=Act	PlCasin-L-06-391,PlCasin-L-06-425,PlCasin-L-06-457,PlCasin-L-06-545,PlCurcu-L-08-94
VERB	exoro	exoret	Aspect=Imp|InflClass=LatA|Mood=Sub|Number=Sing|Person=3|Tense=Pres|VerbForm=Fin|Voice=Act	PlCasin-L-06-669
VERB	exoro	exoro	Aspect=Imp|InflClass=LatA|Mood=Ind|Number=Sing|Person=1|Tense=Pres|VerbForm=Fin|Voice=Act	SenPhoen-P-17-231
VERB	nuntio	nuntiabo	Aspect=Imp|InflClass=LatA|Mood=Ind|Number=Sing|Person=1|Tense=Fut|VerbForm=Fin|Voice=Act	PlCasin-L-06-676,PlCurcu-L-08-535
VERB	obloquor	obloquere	Aspect=Imp|InflClass=LatX|Mood=Imp|Number=Sing|Person=2|Tense=Pres|VerbForm=Fin|Voice=Pass	PlCurcu-L-08-33
VERB	adeo	adibo	Aspect=Imp|InflClass=LatAnom|Mood=Ind|Number=Sing|Person=1|Tense=Fut|VerbForm=Fin|Voice=Act	PlCurcu-L-08-113
VERB	adeo	adeundum	Aspect=Prosp|Case=Nom|Degree=Pos|Gender=Neut|InflClass=LatAnom|InflClass[nominal]=IndEurO|Number=Sing|VerbForm=Gdv|Voice=Pass	PlEpidic-L-09-214
VERB	prohibeo	prohibet	Aspect=Imp|InflClass=LatE|Mood=Ind|Number=Sing|Person=3|Tense=Pres|VerbForm=Fin|Voice=Act	PlCurcu-L-08-197
VERB	prohibeo	prohibebantur	Aspect=Imp|InflClass=LatE|Mood=Ind|Number=Plur|Person=3|Tense=Past|VerbForm=Fin|Voice=Pass	TacHist4-Q-05-1791
VERB	ilicet	ilicet	Degree=Pos	PlCurcu-L-08-212,PlEpidic-L-09-773
VERB	laudo	laudo	Aspect=Imp|InflClass=LatA|Mood=Ind|Number=Sing|Person=1|Tense=Pres|VerbForm=Fin|Voice=Act	PlCurcu-L-08-395
VERB	depereo	deperit	Aspect=Imp|InflClass=LatAnom|Mood=Ind|Number=Sing|Person=3|Tense=Pres|VerbForm=Fin|Voice=Act	PlEpidic-L-09-117
VERB	docte	docte	Degree=Pos	PlEpidic-L-09-349
VERB	compello	compellabo	Aspect=Imp|InflClass=LatA|Mood=Ind|Number=Sing|Person=1|Tense=Fut|VerbForm=Fin|Voice=Act	PlEpidic-L-09-581
VERB	maturo	matura	Aspect=Imp|InflClass=LatA|Mood=Imp|Number=Sing|Person=2|Tense=Pres|VerbForm=Fin|Voice=Act	PlEpidic-L-09-708
VERB	colligo	conliga	Aspect=Imp|InflClass=LatA|Mood=Imp|Number=Sing|Person=2|Tense=Pres|VerbForm=Fin|Voice=Act	PlEpidic-L-09-772
VERB	curro	cucurri	Aspect=Perf|InflClass=LatX|Mood=Ind|Number=Sing|Person=1|Tense=Past|VerbForm=Fin|Voice=Act	PliEp01-M-01-205
VERB	finio	finio	Aspect=Imp|InflClass=LatI|Mood=Ind|Number=Sing|Person=1|Tense=Pres|VerbForm=Fin|Voice=Act	PliEp09-M-01-3239
VERB	perfero	perferentur	Aspect=Imp|InflClass=LatAnom|Mood=Ind|Number=Plur|Person=3|Tense=Fut|VerbForm=Fin|Voice=Pass	PliEp09-M-01-3396
VERB	noceo	nocent	Aspect=Imp|InflClass=LatE|Mood=Ind|Number=Plur|Person=3|Tense=Pres|VerbForm=Fin|Voice=Act	SenEpist-P-03-2043
VERB	exspecto	expecta	Aspect=Imp|InflClass=LatA|Mood=Imp|Number=Sing|Person=2|Tense=Pres|VerbForm=Fin|Voice=Act	SenEpist-P-03-3298,SenBenef-P-06-1943
VERB	utor	utitur	Aspect=Imp|InflClass=LatX|Mood=Ind|Number=Sing|Person=3|Tense=Pres|VerbForm=Fin|Voice=Pass	SenEpist-P-03-4813
VERB	sapio	sapere	Aspect=Imp|InflClass=LatI2|InflClass[nominal]=Ind|VerbForm=Inf|Voice=Act	SenEpist-P-03-7926
VERB	mentior	mentior	Aspect=Imp|InflClass=LatI|Mood=Ind|Number=Sing|Person=1|Tense=Pres|VerbForm=Fin|Voice=Pass	SenEpist-P-03-8131
VERB	edissero	edissere	Aspect=Imp|InflClass=LatX|Mood=Imp|Number=Sing|Person=2|Tense=Pres|VerbForm=Fin|Voice=Act	SenApoco-P-01-85
VERB	experior	experire	Aspect=Imp|InflClass=LatI|Mood=Imp|Number=Sing|Person=2|Tense=Pres|VerbForm=Fin|Voice=Pass	SenBenef-P-06-1564
VERB	depugno	depugnant	Aspect=Imp|InflClass=LatA|Mood=Ind|Number=Plur|Person=3|Tense=Pres|VerbForm=Fin|Voice=Act	SenBrevi-P-07-189
VERB	lancino	lancinantur	Aspect=Imp|InflClass=LatA|Mood=Ind|Number=Plur|Person=3|Tense=Pres|VerbForm=Fin|Voice=Pass	SenBrevi-P-07-191
VERB	odi	oderint	Aspect=Perf|InflClass=LatX|Mood=Sub|Number=Plur|Person=3|Tense=Past|VerbForm=Fin|Voice=Act	SenIra1-P-10-271
VERB	illudo	inlusit	Aspect=Perf|InflClass=LatX|Mood=Ind|Number=Sing|Person=3|Tense=Past|VerbForm=Fin|Voice=Act	SenTranq-P-13-229
VERB	morior	moriere	Aspect=Imp|InflClass=LatI2|Mood=Ind|Number=Sing|Person=2|Tense=Fut|VerbForm=Fin|Voice=Pass	SenHerOe-P-23-122,SenMedea-P-18-64
VERB	sedeo	sedent	Aspect=Imp|InflClass=LatE|Mood=Ind|Number=Plur|Person=3|Tense=Pres|VerbForm=Fin|Voice=Act	SenHerOe-P-23-406
VERB	agnosco	agnosco	Aspect=Imp|InflClass=LatX|Mood=Ind|Number=Sing|Person=1|Tense=Pres|VerbForm=Fin|Voice=Act	SenHerOe-P-23-786
VERB	profugio	profuge	Aspect=Imp|InflClass=LatI2|Mood=Imp|Number=Sing|Person=2|Tense=Pres|VerbForm=Fin|Voice=Act	SenMedea-P-18-66
VERB	trepido	trepidamus	Aspect=Imp|InflClass=LatA|Mood=Ind|Number=Plur|Person=1|Tense=Pres|VerbForm=Fin|Voice=Act	SenPhaed-P-19-150
VERB	trado	tradis	Aspect=Imp|InflClass=LatX|Mood=Ind|Number=Sing|Person=2|Tense=Pres|VerbForm=Fin|Voice=Act	SenPhoen-P-17-57
VERB	absisto	absiste	Aspect=Imp|InflClass=LatX|Mood=Imp|Number=Sing|Person=2|Tense=Pres|VerbForm=Fin|Voice=Act	SenPhoen-P-17-122
VERB	nascor	nascuntur	Aspect=Imp|InflClass=LatX|Mood=Ind|Number=Plur|Person=3|Tense=Pres|VerbForm=Fin|Voice=Pass	SenThyes-P-22-131
VERB	exhorreo	exhorruistis	Aspect=Perf|InflClass=LatE|Mood=Ind|Number=Plur|Person=2|Tense=Past|VerbForm=Fin|Voice=Act	SenThyes-P-22-291
VERB	eructo	eructat	Aspect=Imp|InflClass=LatA|Mood=Ind|Number=Sing|Person=3|Tense=Pres|VerbForm=Fin|Voice=Act	SenThyes-P-22-349
PRON	uos	uobis	Case=Dat|InflClass=LatAnom|Number=Plur|Person=2|PronType=Prs	Latin_SenecaYounger_Ag_poetry-373,SenAgamn-P-21-373
PRON	uos	uopte	InflClass=LatAnom|Person=2|PronType=Prs	CatFrag-B-04-67
PRON	adhuc	adhuc	AdvType=Tim	dev-s203,dev-s273,dev-s628,dev-s666,dev-s685,dev-s740,dev-s783,dev-s806,dev-s820,dev-s846,dev-s1011,dev-s1140,dev-s1267,dev-s1332,dev-s1500,dev-s1516,dev-s1540,dev-s1597,dev-s1665,dev-s1707,dev-s1765,dev-s1782,dev-s1815,dev-s1841,dev-s1857,dev-s1916,dev-s1931,dev-s1995,dev-s2014,dev-s2068,dev-s2085,dev-s2095,test-s18,test-s31,test-s43,test-s56,test-s86,test-s97,test-s134,test-s156,test-s173,test-s207,test-s306,test-s330,test-s377,test-s402,test-s423,test-s473,test-s534,test-s656,test-s674,test-s724,test-s789,test-s848,test-s886,test-s903,test-s919,test-s980,test-s986,test-s1040,test-s1102,test-s1165,test-s1196,test-s1224,test-s1254,test-s1322,test-s1374,test-s1393,test-s1436,test-s1515,test-s1533,test-s1591,test-s1625,test-s1636,test-s1659,test-s1702,test-s1732,test-s1804,test-s1817,test-s1862,test-s1938,test-s1980,test-s2016,test-s2054,test-s2074,train-s16,train-s45,train-s90,train-s243,train-s252,train-s271,train-s290,train-s330,train-s350,train-s358,train-s382,train-s442,train-s489,train-s535,train-s552,train-s587,train-s619,train-s681,train-s698,train-s749,train-s782,train-s831,train-s853,train-s871,train-s922,train-s946,train-s956,train-s969,train-s1016,train-s1097,train-s1167,train-s1262,train-s1296,train-s1339,train-s1345,train-s1370,train-s1385,train-s1443,train-s1597,train-s1665,train-s1687,train-s1709,train-s1731,train-s1772,train-s1786,train-s1846,train-s1857,train-s1901,train-s1917,train-s1932,train-s1954,train-s1968,train-s1999,train-s2040,train-s2054,train-s2089,train-s2113,train-s2127,train-s2185,train-s2225,train-s2242,train-s2263,train-s2289,train-s2320,train-s2331,train-s2364,train-s2475,train-s2516,train-s2551,train-s2576,train-s2599,train-s2662,train-s2677,train-s2736,train-s2765,train-s2815,train-s2862,train-s2898,train-s2933,train-s2962,train-s2980,train-s3014,train-s3039,train-s3055,train-s3073,train-s3105,train-s3172,train-s3207,train-s3227,train-s3233,train-s3255,train-s3277,train-s3318,train-s3345,train-s3517,train-s3562,train-s3584,train-s3610,train-s3626,train-s3678,train-s3759,train-s3810,train-s3908,train-s3924,train-s3971,train-s3986,train-s4004,train-s4072,train-s4151,train-s4183,train-s4204,train-s4259,train-s4387,train-s4436,train-s4484,train-s4517,train-s4645,train-s4682,train-s4757,train-s4813,train-s4880,train-s4937,train-s4956,train-s5128,train-s5149,train-s5201,train-s5225,train-s5285,train-s5305,train-s5326,train-s5358,train-s5416,train-s5429,train-s5435,train-s5568,train-s5595,train-s5620,train-s5711,train-s5736,train-s5776,train-s5794,train-s5807,train-s5838,train-s5936,train-s5955,train-s6010,train-s6076,train-s6185,train-s6270,train-s6288,train-s6310,train-s6326,train-s6371,train-s6401,train-s6428,train-s6460,train-s6524,train-s6636,train-s6669,train-s6799,train-s6807,train-s6831,train-s6879,train-s6904,train-s6942,train-s6949,train-s6966,train-s7019,train-s7079,train-s7111,train-s7144,train-s7174,train-s7199,train-s7216,train-s7236,train-s7261,train-s7350,train-s7378,train-s7405,train-s7471,train-s7494,train-s7620,train-s7633,train-s7657,train-s7735,train-s7830,train-s7857,train-s7889,train-s7989,train-s8072,train-s8103,train-s8161,train-s8168,train-s8212,train-s8243,train-s8278,train-s8301,train-s8337,train-s8395,train-s8421,train-s8441,train-s8463,train-s8490,train-s8568,train-s8590,train-s8607,train-s8664,train-s8686,train-s8717,train-s8748,train-s8768,train-s8800,train-s8851,train-s8863,train-s8875,train-s8900,train-s8918,train-s8956,train-s8981,train-s9016,train-s9059,train-s9123,train-s9158,train-s9190,train-s9205,train-s9226,train-s9245,train-s9252,train-s9262,train-s9442,train-s9469,train-s9505,train-s9525,train-s9537,train-s9615,train-s9621,train-s9646,train-s9712,train-s9826,train-s9840,train-s9875,train-s9904,train-s10113,train-s10210,train-s10487,train-s10511,train-s10539,train-s10603,train-s10622,train-s10697,train-s10718,train-s10817,train-s10837,train-s10855,train-s10879,train-s10906,train-s10941,train-s10974,train-s11093,train-s11118,train-s11168,train-s11211,train-s11236,train-s11284,train-s11300,train-s11333,train-s11419,train-s11452,train-s11495,train-s11529,train-s11691,train-s11718,train-s11727,train-s11744,train-s11770,train-s11812,train-s11889,train-s11968,train-s11989,train-s12030,train-s12080,train-s12321,train-s12451,train-s12529,train-s12616,train-s12643,train-s12681,train-s12702,train-s12768,train-s12834,train-s12872,train-s12913,train-s12968,train-s13001,train-s13248,train-s13305,train-s13341,train-s13374,train-s13477,train-s17039,train-s17121,train-s17149,train-s17186,train-s17235,train-s17313,train-s17352,train-s17672,train-s17696,train-s17737,train-s18173,train-s18187,train-s18223,train-s18275,train-s18312,train-s18348,train-s18384,train-s18431,train-s18982,train-s19027,train-s19259,train-s19293,train-s19308,train-s19382,train-s19422,train-s19505,train-s19524,train-s19567,train-s19612,train-s19633,train-s19651,train-s19656,train-s19695,train-s19800,train-s19808,train-s19837,train-s19857,train-s19907,train-s19925,train-s19963,train-s19979,train-s20032,train-s20052,train-s20075,train-s20399,train-s20441,train-s20460,train-s20476,train-s20569,train-s20585,train-s20599,train-s20638,train-s20644,train-s20676,train-s20727,train-s21088,train-s21343,train-s21403,train-s21415,train-s21674,train-s21728,train-s21825,train-s21848,train-s21882,train-s21907,train-s22040,train-s22070,train-s22114,train-s22158,train-s22176,train-s22287,train-s22332,train-s22511,train-s22628,train-s22654
PRON	rursus	rursus	_	test-s1554,test-s1739,train-s962,train-s993,train-s1606,train-s6478,train-s7963,train-s10253,train-s18609,train-s18653,train-s20155
PRON	rursus	rursum	_	train-s20191
PRON	interim	interim	_	phi0972.phi001.perseus-lat1.xml@1106
PRON	quis	quid	Case=Acc,Nom|Gender=Neut|InflClass=LatPron|Number=Sing|PronType=Int	76868,77520,76075,83441,76452,76474,76760,77602,77862,78495,78500,CicAmici-D-76-120,CicAmici-D-76-289,CicDomo-D-30-41,CicDomo-D-30-57,CicDomo-D-30-87,CicDomo-D-30-100,CicDomo-D-30-132,CicDomo-D-30-202,CicDomo-D-30-215,CicDomo-D-30-219,CicDomo-D-30-223,CicDomo-D-30-229,CicDomo-D-30-246,CicDomo-D-30-340,CicDomo-D-30-431,CicDomo-D-30-496,CicDomo-D-30-499,CicDomo-D-30-534,CicDomo-D-30-575,CicHarus-D-31-283,CicDeImp-D-14-29,CicDeImp-D-14-117,CicDeImp-D-14-155,CicDeImp-D-14-173,CicLegA2-D-17-151,CicLegA2-D-17-176,CicLegA2-D-17-178,CicLegA2-D-17-180,CicLegA2-D-17-337,CicLegA2-D-17-379,CicOffic2-D-77-681,CicOffic2-D-77-683,CicOffic2-D-77-916,CicOffic2-D-77-932,CicOffic3-D-77-1059,CicOffic3-D-77-1318,CicOffic3-D-77-1361,CicOffic3-D-77-1365,CicOffic3-D-77-1368,CicOffic3-D-77-1371,CicOffic3-D-77-1376,CicOffic3-D-77-1392,CicOffic3-D-77-1398,CicOffic3-D-77-1406,CicProv-D-35-39,CicProv-D-35-74,CicProv-D-35-84,CicSenec-D-78-109,CicDivCa-D-05-97,CicDivCa-D-05-108,CicDivCa-D-05-134,CicDivCa-D-05-136,CicDivCa-D-05-139,CicDivCa-D-05-159,CicCat1-D-20-35,CicPis-D-37-133,CicPis-D-37-433,CicPis-D-37-436,CicPis-D-37-438,CicPis-D-37-442,CicTogCan-D-67-7,Cic1Ver-D-06-53,Cic1Ver-D-06-115,Cic2Ver1-D-07-82,Cic2Ver2-D-08-19,Cic2Ver2-D-08-62,Cic2Ver2-D-08-65,Cic2Ver2-D-08-68,Cic2Ver2-D-08-82,Cic2Ver2-D-08-491,Cic2Ver2-D-08-634,Cic2Ver2-D-08-647,Cic2Ver2-D-08-670,Cic2Ver2-D-08-750,Cic2Ver2-D-08-770,Cic2Ver3-D-09-27,Cic2Ver3-D-09-35,Cic2Ver3-D-09-111,Cic2Ver3-D-09-125,Cic2Ver3-D-09-169,Cic2Ver3-D-09-203,Cic2Ver3-D-09-237,Cic2Ver3-D-09-252,Cic2Ver3-D-09-254,Cic2Ver3-D-09-512,Cic2Ver3-D-09-539,Cic2Ver3-D-09-563,Cic2Ver3-D-09-627,Cic2Ver3-D-09-707,Cic2Ver3-D-09-714,Cic2Ver3-D-09-735,Cic2Ver3-D-09-750,Cic2Ver3-D-09-793,Cic2Ver3-D-09-808,Cic2Ver3-D-09-899,Cic2Ver3-D-09-934,Cic2Ver3-D-09-1029,Cic2Ver3-D-09-1177,Cic2Ver4-D-10-73,Cic2Ver4-D-10-101,Cic2Ver4-D-10-147,Cic2Ver4-D-10-163,Cic2Ver4-D-10-297,Cic2Ver4-D-10-484,Cic2Ver4-D-10-540,Cic2Ver4-D-10-546,Cic2Ver4-D-10-550,Cic2Ver4-D-10-554,Cic2Ver4-D-10-718,Cic2Ver4-D-10-721,Cic2Ver4-D-10-723,Cic2Ver4-D-10-725,Cic2Ver5-D-11-83,Cic2Ver5-D-11-86,Cic2Ver5-D-11-91,Cic2Ver5-D-11-103,Cic2Ver5-D-11-207,Cic2Ver5-D-11-222,Cic2Ver5-D-11-337,Cic2Ver5-D-11-366,Cic2Ver5-D-11-389,Cic2Ver5-D-11-548,Cic2Ver5-D-11-592,Cic2Ver5-D-11-761,Cic2Ver5-D-11-784,CicPhi01-D-44-57,CicPhi01-D-44-85,CicPhi01-D-44-92,CicPhi01-D-44-98,CicPhi01-D-44-202,CicPhi01-D-44-212,CicPhi02-D-45-125,CicPhi02-D-45-166,CicPhi02-D-45-623,CicPhi02-D-45-665,CicPhi04-D-47-18,CicPhi04-D-47-27,CicPhi04-D-47-30,CicPhi05-D-48-13,CicPhi05-D-48-43,CicPhi05-D-48-45,CicPhi05-D-48-51,CicPhi05-D-48-53,CicPhi05-D-48-55,CicPhi05-D-48-63,CicPhi05-D-48-71,CicPhi05-D-48-248,CicPhi06-D-49-46,CicPhi07-D-50-39,CicPhi07-D-50-41,CicPhi07-D-50-47,CicPhi07-D-50-53,CicPhi07-D-50-101,CicPhi07-D-50-117,CicPhi08-D-51-55,CicPhi08-D-51-79,CicPhi11-D-54-77,CicPhi11-D-54-148,CicPhi11-D-54-174,CicPhi11-D-54-208,CicPhi12-D-55-38,CicPhi12-D-55-59,CicPhi12-D-55-70,CicPhi12-D-55-127,CicPhi13-D-56-141,CicPhi13-D-56-226,CicPhi13-D-56-248,CicPhi14-D-57-101,CicRedS-D-28-88,CicRedS-D-28-90,CicRedS-D-28-92,CicLig-D-42-92,CicLig-D-42-143,CicACaec-D-13-92,CicACaec-D-13-220,CicACaec-D-13-225,CicACaec-D-13-241,CicACaec-D-13-387,CicACaec-D-13-432,CicAClu-D-15-127,CicAClu-D-15-145,CicAClu-D-15-364,CicAClu-D-15-405,CicAClu-D-15-879,CicBalb-D-36-174,CicBalb-D-36-176,CicBalb-D-36-178,CicBalb-D-36-180,CicBalb-D-36-182,CicBalb-D-36-184,CicBalb-D-36-186,CicCorn1-D-65-5,CicCorn2-D-66-13,CicRabPe-D-19-72,CicRabPe-D-19-74,CicRabPe-D-19-76,CicRabPe-D-19-78,CicFlac-D-27-32,CicFlac-D-27-130,CicFlac-D-27-169,CicFlac-D-27-176,CicFlac-D-27-179,CicFlac-D-27-181,CicFlac-D-27-186,CicFlac-D-27-388,CicFlac-D-27-455,CicFlac-D-27-476,CicFlac-D-27-482,CicFlac-D-27-516,CicFlac-D-27-530,CicFlac-D-27-564,CicMFont-D-12-62,CicMFont-D-12-67,CicMFont-D-12-71,CicMFont-D-12-83,CicMil-D-40-135,CicMil-D-40-153,CicMil-D-40-161,CicMil-D-40-176,CicMil-D-40-180,CicMil-D-40-187,CicMil-D-40-307,CicMil-D-40-353,CicMil-D-40-361,CicMScau-D-58-21,CicMScau-D-58-58,CicMScau-D-58-80,CicMScau-D-58-103,CicMur-D-24-174,CicMur-D-24-301,CicMur-D-24-367,CicMur-D-24-369,CicOppio-D-61-4,CicPlanc-D-38-20,CicPlanc-D-38-69,CicPlanc-D-38-172,CicPlanc-D-38-316,CicPlanc-D-38-468,CicQuinc-D-01-146,CicQuinc-D-01-243,CicQuinc-D-01-290,CicQuinc-D-01-396,CicQuinc-D-01-430,CicQRosc-D-03-112,CicQRosc-D-03-267,CicRabP-D-39-74,CicRabP-D-39-85,CicDeiot-D-43-85,CicSest-D-32-103,CicSest-D-32-155,CicSest-D-32-276,CicSest-D-32-450,CicSest-D-32-460,CicSest-D-32-494,CicSRosc-D-02-143,CicSRosc-D-02-146,CicSRosc-D-02-306,CicSRosc-D-02-310,CicSRosc-D-02-382,CicSRosc-D-02-390,CicSRosc-D-02-447,CicSul-D-25-22,CicSul-D-25-156,HorCarm1-F-01-133,HorEpis1-F-05-300,HorEpis1-F-05-349,HorEpis2-F-05-384,HorEpis2-F-05-505,HorSerm2-F-04-407,HorSerm2-F-04-439,HorSerm2-F-04-614,HorSerm2-F-04-616,HorSerm2-F-04-761,OviAmor3-I-04-830,PersiusS-J-00-250,PetronSa-K-00-77,PetronSa-K-00-182,PetronSa-K-00-1982,PlAmphi-L-01-11,PlAmphi-L-01-26,PlAmphi-L-01-494,PlAulul-L-03-246,PlBacch-L-04-149,PlBacch-L-04-306,PlBacch-L-04-514,PlBacch-L-04-523,PlBacch-L-04-680,PlCapt-L-05-541,PlCapt-L-05-644,PlCasin-L-06-656,PlCurcu-L-08-65,PlCurcu-L-08-372,PlEpidic-L-09-14,PlEpidic-L-09-289,PlEpidic-L-09-514,PlEpidic-L-09-643,PlEpidic-L-09-734,PliEp03-M-01-1013,PliEp05-M-01-1730,PliEp08-M-01-2930,SenEpist-P-03-4016,SenEpist-P-03-4098,SenEpist-P-03-5088,SenEpist-P-03-6193,SenEpist-P-03-6195,SenEpist-P-03-6197,SenEpist-P-03-6199,SenEpist-P-03-7536,SenEpist-P-03-7641,SenBenef-P-06-270,SenBenef-P-06-631,SenBenef-P-06-1853,SenBenef-P-06-1877,SenIra1-P-10-16,SenIra1-P-10-202,SenIra2-P-10-395,SenIra2-P-10-693,TacAnn03-Q-04-1176,TacDialo-Q-03-40,TacDialo-Q-03-42,TacDialo-Q-03-154,TacHist1-Q-05-471
PRON	quis	quae	Case=Acc|Gender=Neut|Number=Plur|PronType=Int	13873
PRON	quis	quis	Case=Nom|Gender=Fem,Masc|InflClass=LatPron|Number=Sing|PronType=Int	225197,CicQuinc-D-01-198,CicQuinc-D-01-202,CicQuinc-D-01-206,PlEpidic-L-09-105
PRON	quis	cuius	Case=Gen|Gender=Fem,Masc,Neut|InflClass=LatPron|Number=Sing|PronType=Int	CicDomo-D-30-317,CicAClu-D-15-694,PersiusS-J-00-212
PRON	quis	quod	Case=Nom|Gender=Neut|InflClass=LatPron|Number=Sing|PronType=Int	Cic2Ver1-D-07-644
PRON	quis	quo	Case=Abl|Gender=Masc,Neut|InflClass=LatPron|Number=Sing|PronType=Int	CicPhi02-D-45-29
PRON	quis	cui	Case=Dat|Gender=Fem,Masc,Neut|InflClass=LatPron|Number=Sing|PronType=Int	CicPhi02-D-45-93
PRON	quis	quem	Case=Acc|Gender=Masc|InflClass=LatPron|Number=Sing|PronType=Int	CicPhi02-D-45-472,CicMTull-D-04-187
PRON	quis	quas	Case=Acc|Gender=Fem|InflClass=LatPron|Number=Plur|PronType=Int	CicPhi10-D-53-31
PRON	quis	quorum	Case=Gen|Gender=Masc,Neut|InflClass=LatPron|Number=Plur|PronType=Int	CicAClu-D-15-703
PRON	quis	qui	Case=Nom|Gender=Masc|InflClass=LatPron|Number=Plur|PronType=Int	CicMarc-D-41-69
PRON	quis	quam	Case=Acc|Gender=Fem|InflClass=LatPron|Number=Sing|PronType=Int	CicQRosc-D-03-92
PRON	quis	quoius	Case=Gen|Gender=Fem,Masc,Neut|InflClass=LatPron|Number=Sing|PronType=Int	PlAmphi-L-01-883
PRON	nihil	nihil	Case=Nom|Gender=Neut|InflClass=Ind|Number=Sing|PronType=Neg	18126,Cic2Ver2-D-08-563,SenEpist-P-03-7777
PRON	qui	quae	Case=Acc|Gender=Neut|Number=Plur|PronType=Rel	18325
PRON	qui	qui	PronType=Int	Catul-C-00-115,HorSerm1-F-04-147,PlAmphi-L-01-506,PlAmphi-L-01-870,PlCurcu-L-08-31,PlEpidic-L-09-67,PlEpidic-L-09-282
PRON	qui	quibus	Case=Abl|Gender=Fem,Masc,Neut|InflClass=LatPron|Number=Plur|PronType=Rel	CicSenec-D-78-66
PRON	nequaquam	nequaquam	_	26633
PRON	ego	mihipte	Case=Dat|InflClass=LatAnom|Number=Sing|Person=1|PronType=Prs	CatFrag-B-04-56
PRON	ego	me	Case=Abl|InflClass=LatAnom|Number=Sing|Person=1|PronType=Prs	CicMil-D-40-466
PRON	ego	mihin	Case=Dat|InflClass=LatAnom|Number=Sing|Person=1|PronType=Prs	PlCurcu-L-08-450
PRON	ego	mihi	Case=Dat|InflClass=LatAnom|Number=Sing|Person=1|PronType=Prs	SenEpist-P-03-8319
PRON	cur	cur	PronType=Int	Catul-C-00-24,CicPhi02-D-45-91,CicPhi08-D-51-133,CicPhi11-D-54-16,CicLig-D-42-85
PRON	cur	qur	PronType=Int	PlCapt-L-05-670,PlEpidic-L-09-637
PRON	nemo	nemo	Case=Nom|InflClass=IndEurX|Number=Sing|PronType=Neg	CicLegA3-D-18-66,Cic2Ver3-D-09-732,Cic2Ver4-D-10-789,Cic2Ver4-D-10-802,CicQRosc-D-03-83,CicSul-D-25-19,PersiusS-J-00-11
PRON	nemo	neminem	Case=Acc|InflClass=IndEurX|Number=Sing|PronType=Neg	Cic2Ver2-D-08-476
PRON	nemo	nemini	Case=Dat|InflClass=IndEurX|Number=Sing|PronType=Neg	CicSRosc-D-02-194
PRON	nemo	nemon	Case=Nom|InflClass=IndEurX|Number=Sing|PronType=Neg	PersiusS-J-00-140
PRON	quo	quo	PronType=Int	CicProv-D-35-143,CicMur-D-24-491
PRON	unde	unde	PronType=Int	Cic2Ver3-D-09-684,CicMil-D-40-284,PlBacch-L-04-492
PRON	quorsum	quorsum	PronType=Int	CicRedQ-D-29-12,HorSerm2-F-04-580
PRON	nusquam	nusquam	Polarity=Neg	CicBalb-D-36-111,CicSul-D-25-136,PersiusS-J-00-85,PlBacch-L-04-867
PRON	quando	quando	PronType=Int	CicQuinc-D-01-399,SenIra1-P-10-89,SenIra1-P-10-94
PRON	quippini	quippini	Polarity=Neg	PlAulul-L-03-41,PlBacch-L-04-830
PRON	tu	tu	Case=Nom|InflClass=LatAnom|Number=Sing|Person=2|PronType=Prs	PlAulul-L-03-76,PlCasin-L-06-182
PRON	quin	quin	Degree=Pos	PlCasin-L-06-565
PRON	quapropter	quapropter	PronType=Int	PlEpidic-L-09-79
PRON	is	ei	Case=Dat|Gender=Fem,Masc,Neut|InflClass=LatPron|Number=Sing|PronType=Prs	PlEpidic-L-09-556
PRON	ubi	ubi	PronType=Int	PliEp04-M-01-1312
PRON	utcumque	utcumque	Degree=Pos	SenEpist-P-03-842
PART	item	item	_	dev-s194,dev-s267,dev-s285,dev-s336,dev-s340,dev-s620,dev-s672,dev-s679,dev-s690,dev-s702,dev-s711,dev-s737,dev-s755,dev-s768,dev-s788,dev-s835,dev-s972,dev-s1033,dev-s1059,dev-s1090,dev-s1136,dev-s1157,dev-s1176,dev-s1190,dev-s1212,dev-s1254,dev-s1275,dev-s1327,dev-s1375,dev-s1394,dev-s1506,dev-s1535,dev-s1587,dev-s1631,dev-s1639,dev-s1672,dev-s1702,dev-s1726,dev-s1749,dev-s1853,dev-s1868,dev-s1920,dev-s1944,dev-s2006,dev-s2019,dev-s2073,test-s24,test-s70,test-s149,test-s202,test-s291,test-s311,test-s335,test-s361,test-s389,test-s432,test-s441,test-s479,test-s491,test-s520,test-s545,test-s563,test-s639,test-s681,test-s708,test-s778,test-s801,test-s845,test-s855,test-s876,test-s915,test-s1016,test-s1047,test-s1122,test-s1134,test-s1176,test-s1185,test-s1213,test-s1228,test-s1262,test-s1274,test-s1282,test-s1304,test-s1364,test-s1410,test-s1442,test-s1479,test-s1502,test-s1558,test-s1595,test-s1616,test-s1648,test-s1679,test-s1718,test-s1799,test-s1827,test-s1845,test-s1856,test-s1878,test-s1933,test-s1948,test-s1973,test-s2026,test-s2044,test-s2068,train-s22,train-s41,train-s63,train-s84,train-s232,train-s247,train-s300,train-s319,train-s346,train-s362,train-s375,train-s399,train-s449,train-s468,train-s497,train-s522,train-s559,train-s577,train-s615,train-s669,train-s694,train-s719,train-s734,train-s773,train-s837,train-s883,train-s904,train-s1024,train-s1060,train-s1163,train-s1272,train-s1313,train-s1363,train-s1395,train-s1450,train-s1594,train-s1671,train-s1724,train-s1748,train-s1759,train-s1850,train-s1863,train-s1911,train-s1927,train-s1973,train-s1988,train-s1994,train-s2006,train-s2046,train-s2058,train-s2107,train-s2155,train-s2170,train-s2235,train-s2257,train-s2300,train-s2314,train-s2369,train-s2383,train-s2418,train-s2482,train-s2525,train-s2672,train-s2699,train-s2741,train-s2801,train-s2827,train-s2921,train-s2996,train-s3031,train-s3067,train-s3131,train-s3135,train-s3167,train-s3188,train-s3288,train-s3328,train-s3572,train-s3589,train-s3615,train-s3639,train-s3644,train-s3664,train-s3700,train-s3762,train-s3771,train-s3803,train-s3863,train-s3919,train-s3953,train-s3979,train-s4163,train-s4176,train-s4193,train-s4268,train-s4379,train-s4606,train-s4634,train-s4660,train-s4693,train-s4765,train-s4770,train-s4884,train-s4913,train-s4924,train-s4944,train-s4966,train-s5144,train-s5162,train-s5178,train-s5207,train-s5230,train-s5293,train-s5337,train-s5469,train-s5577,train-s5599,train-s5629,train-s5731,train-s5750,train-s5787,train-s5801,train-s5816,train-s5830,train-s5873,train-s5950,train-s5970,train-s6005,train-s6082,train-s6198,train-s6263,train-s6298,train-s6314,train-s6330,train-s6345,train-s6365,train-s6389,train-s6437,train-s6449,train-s6536,train-s6551,train-s6651,train-s6682,train-s6776,train-s6816,train-s6884,train-s6929,train-s6956,train-s7029,train-s7046,train-s7093,train-s7121,train-s7132,train-s7154,train-s7169,train-s7212,train-s7244,train-s7271,train-s7319,train-s7372,train-s7400,train-s7483,train-s7540,train-s7616,train-s7823,train-s7866,train-s7939,train-s7968,train-s7984,train-s8007,train-s8077,train-s8117,train-s8159,train-s8223,train-s8237,train-s8287,train-s8309,train-s8343,train-s8390,train-s8416,train-s8455,train-s8478,train-s8499,train-s8583,train-s8598,train-s8623,train-s8642,train-s8647,train-s8678,train-s8728,train-s8759,train-s8774,train-s8791,train-s8857,train-s8922,train-s8948,train-s8987,train-s9031,train-s9068,train-s9082,train-s9131,train-s9163,train-s9186,train-s9234,train-s9256,train-s9429,train-s9519,train-s9543,train-s9591,train-s9609,train-s9700,train-s9796,train-s9820,train-s9865,train-s9878,train-s9894,train-s10130,train-s10217,train-s10261,train-s10501,train-s10550,train-s10589,train-s10733,train-s10773,train-s10793,train-s10813,train-s10832,train-s10875,train-s10892,train-s10953,train-s11106,train-s11180,train-s11195,train-s11215,train-s11249,train-s11268,train-s11308,train-s11327,train-s11415,train-s11433,train-s11474,train-s11629,train-s11686,train-s11710,train-s11755,train-s11779,train-s11834,train-s11901,train-s11979,train-s12009,train-s12017,train-s12046,train-s12074,train-s12105,train-s12324,train-s12428,train-s12463,train-s12469,train-s12546,train-s12625,train-s12658,train-s12688,train-s12747,train-s12779,train-s12839,train-s12889,train-s12924,train-s12978,train-s13018,train-s13047,train-s13087,train-s13276,train-s13314,train-s13365,train-s13468,train-s17006,train-s17104,train-s17172,train-s17217,train-s17273,train-s17307,train-s17332,train-s17370,train-s17399,train-s17683,train-s17733,train-s18179,train-s18214,train-s18236,train-s18265,train-s18302,train-s18333,train-s18364,train-s18402,train-s18423,train-s18442,train-s18457,train-s18480,train-s18491,train-s18620,train-s18903,train-s18937,train-s18969,train-s19019,train-s19090,train-s19235,train-s19266,train-s19297,train-s19338,train-s19377,train-s19403,train-s19495,train-s19518,train-s19551,train-s19583,train-s19622,train-s19669,train-s19703,train-s19737,train-s19793,train-s19832,train-s19866,train-s19903,train-s19921,train-s19931,train-s19959,train-s19975,train-s19999,train-s20028,train-s20047,train-s20070,train-s20198,train-s20207,train-s20236,train-s20413,train-s20452,train-s20565,train-s20582,train-s20597,train-s20627,train-s20633,train-s20694,train-s20714,train-s21362,train-s21399,train-s21664,train-s21720,train-s21856,train-s21871,train-s21902,train-s22077,train-s22140,train-s22298,train-s22312,train-s22480,train-s22528,train-s22598,train-s22614,train-s22641
PART	item	itemque	_	88131
PART	etiam	etiam	_	33472,76076,13500,13764,24684,76581,77891
PART	nam	nam	_	27135
PART	non	non	PartType=Neg|Polarity=Neg	Cic2Ver2-D-08-472,CicQRosc-D-03-291,CicSRosc-D-02-189,PlCasin-L-06-350,SenEpist-P-03-4756
PART	oppido	oppido	Degree=Pos	PlBacch-L-04-645
ADJ	ample	amplius	Degree=Cmp	dev-s207,dev-s279,dev-s637,dev-s707,dev-s745,dev-s779,dev-s812,dev-s966,dev-s1019,dev-s1064,dev-s1082,dev-s1096,dev-s1123,dev-s1145,dev-s1181,dev-s1204,dev-s1219,dev-s1261,dev-s1323,dev-s1381,dev-s1386,dev-s1494,dev-s1510,dev-s1531,dev-s1544,dev-s1604,dev-s1644,dev-s1660,dev-s1731,dev-s1755,dev-s1772,dev-s1789,dev-s1828,dev-s1847,dev-s1862,dev-s1910,dev-s1925,dev-s1937,dev-s1949,dev-s1968,dev-s2001,dev-s2030,dev-s2062,dev-s2090,test-s37,test-s64,test-s80,test-s103,test-s138,test-s162,test-s302,test-s340,test-s371,test-s394,test-s428,test-s437,test-s465,test-s500,test-s512,test-s527,test-s571,test-s649,test-s668,test-s719,test-s729,test-s785,test-s839,test-s881,test-s896,test-s924,test-s975,test-s1024,test-s1112,test-s1146,test-s1171,test-s1201,test-s1219,test-s1246,test-s1270,test-s1292,test-s1308,test-s1368,test-s1404,test-s1416,test-s1492,test-s1510,test-s1528,test-s1620,test-s1644,test-s1688,test-s1708,test-s1849,test-s1868,test-s1953,test-s2049,test-s2081,test-s2098,train-s75,train-s92,train-s236,train-s266,train-s294,train-s324,train-s354,train-s388,train-s433,train-s461,train-s513,train-s545,train-s627,train-s675,train-s708,train-s740,train-s790,train-s845,train-s878,train-s912,train-s950,train-s958,train-s973,train-s1028,train-s1071,train-s1103,train-s1174,train-s1267,train-s1301,train-s1407,train-s1434,train-s1603,train-s1659,train-s1678,train-s1720,train-s1753,train-s1780,train-s1798,train-s1840,train-s1869,train-s1894,train-s1936,train-s1959,train-s1978,train-s2033,train-s2065,train-s2083,train-s2095,train-s2138,train-s2194,train-s2219,train-s2252,train-s2281,train-s2336,train-s2356,train-s2377,train-s2394,train-s2410,train-s2464,train-s2499,train-s2541,train-s2667,train-s2729,train-s2758,train-s2809,train-s2836,train-s2874,train-s2902,train-s2940,train-s2969,train-s3045,train-s3062,train-s3079,train-s3162,train-s3182,train-s3213,train-s3238,train-s3260,train-s3281,train-s3323,train-s3349,train-s3530,train-s3567,train-s3657,train-s3674,train-s3755,train-s3915,train-s3963,train-s4078,train-s4170,train-s4188,train-s4246,train-s4276,train-s4395,train-s4490,train-s4525,train-s4531,train-s4687,train-s4749,train-s4761,train-s4832,train-s4867,train-s4920,train-s4948,train-s4975,train-s5139,train-s5155,train-s5192,train-s5216,train-s5276,train-s5332,train-s5352,train-s5407,train-s5423,train-s5465,train-s5475,train-s5573,train-s5719,train-s5745,train-s5781,train-s5857,train-s5944,train-s5964,train-s5980,train-s6015,train-s6191,train-s6276,train-s6318,train-s6340,train-s6377,train-s6432,train-s6444,train-s6529,train-s6661,train-s6803,train-s6840,train-s6855,train-s6888,train-s6922,train-s7024,train-s7039,train-s7060,train-s7086,train-s7116,train-s7149,train-s7164,train-s7178,train-s7203,train-s7220,train-s7240,train-s7267,train-s7314,train-s7328,train-s7356,train-s7418,train-s7478,train-s7561,train-s7625,train-s7738,train-s7746,train-s7841,train-s7861,train-s7897,train-s7934,train-s7948,train-s7996,train-s8067,train-s8108,train-s8164,train-s8217,train-s8251,train-s8305,train-s8332,train-s8400,train-s8428,train-s8446,train-s8485,train-s8574,train-s8594,train-s8616,train-s8673,train-s8712,train-s8722,train-s8752,train-s8804,train-s8836,train-s8870,train-s8904,train-s8927,train-s8940,train-s8976,train-s9025,train-s9076,train-s9114,train-s9152,train-s9195,train-s9219,train-s9421,train-s9453,train-s9513,train-s9531,train-s9586,train-s9602,train-s9630,train-s9664,train-s9717,train-s9789,train-s9832,train-s9871,train-s9889,train-s9912,train-s10122,train-s10224,train-s10496,train-s10555,train-s10595,train-s10616,train-s10703,train-s10725,train-s10761,train-s10822,train-s10842,train-s10870,train-s10945,train-s10984,train-s11100,train-s11123,train-s11174,train-s11223,train-s11243,train-s11304,train-s11346,train-s11425,train-s11461,train-s11487,train-s11533,train-s11641,train-s11699,train-s11723,train-s11750,train-s11775,train-s11828,train-s11897,train-s11973,train-s12087,train-s12328,train-s12458,train-s12537,train-s12621,train-s12650,train-s12741,train-s12774,train-s12844,train-s12879,train-s12918,train-s12973,train-s13011,train-s13041,train-s13079,train-s13259,train-s13310,train-s13326,train-s17060,train-s17139,train-s17195,train-s17248,train-s17279,train-s17293,train-s17318,train-s17341,train-s17667,train-s17707,train-s17745,train-s18198,train-s18229,train-s18285,train-s18326,train-s18393,train-s18448,train-s18502,train-s18915,train-s18991,train-s19033,train-s19301,train-s19346,train-s19388,train-s19429,train-s19512,train-s19544,train-s19589,train-s19628,train-s19685,train-s19754,train-s19786,train-s19819,train-s19841,train-s19912,train-s19927,train-s19968,train-s19986,train-s20036,train-s20059,train-s20080,train-s20404,train-s20465,train-s20573,train-s20589,train-s20603,train-s20619,train-s20702,train-s21080,train-s21093,train-s21352,train-s21407,train-s21681,train-s21734,train-s21890,train-s22046,train-s22084,train-s22124,train-s22145,train-s22180,train-s22294,train-s22521,train-s22604,train-s22632
ADJ	amen	amen	_	train-s104,train-s5657,train-s13519,train-s22775
ADJ	quarto	quarto	_	train-s190
ADJ	ultere	ulterius	Degree=Cmp	train-s7973
ADJ	nouissimus	nouissimus	Case=Nom|Degree=Pos|Gender=Masc|Number=Sing	14042
ADJ	non	non	Polarity=Neg	18410,20089,26661
ADJ	modicus	modicum	Case=Acc|Degree=Pos|Gender=Neut|Number=Sing	19715
ADJ	bene	bene	Degree=Pos	27042,PlBacch-L-04-30
ADJ	bene	optime	Degree=Abs,Sup	78493,CicLegA1-D-16-61,Cic2Ver3-D-09-1166,CicQuinc-D-01-370
ADJ	magnus	magnum	Case=Nom|Degree=Pos|Gender=Neut|Number=Sing	77958
ADJ	ueterinus	ueterinam	Degree=Pos|InflClass=IndEurA,IndEurO	CatFrag-B-04-63
ADJ	ungulater	ungulatros	Degree=Pos|InflClass=IndEurA,IndEurO	CatFrag-B-04-65
ADJ	imperabiliter	imperabiliter	Degree=Pos	CatFrag-B-04-68
ADJ	rare	rare	Degree=Pos	CatFrag-B-04-69
ADJ	rarenter	rarenter	Degree=Pos	CatFrag-B-04-70
ADJ	secunde	secunde	Degree=Pos	CatFrag-B-04-72
ADJ	cibarius	cibarias	Degree=Pos|InflClass=IndEurA,IndEurO	CatOrat-B-03-130
ADJ	sacrosanctus	sacrosanctos	Degree=Pos|InflClass=IndEurA,IndEurO	CatOrat-B-03-226
ADJ	munificus	munificior	Degree=Cmp|InflClass=IndEurX	CatOrat-B-03-244
ADJ	bonus	meliore	Case=Abl|Degree=Cmp|Gender=Fem,Masc,Neut|InflClass=IndEurX|Number=Sing	CicLegA3-D-18-25
ADJ	bonus	bono	Case=Abl|Degree=Pos|Gender=Masc,Neut|InflClass=IndEurO|Number=Sing	PlAulul-L-03-161
ADJ	bonus	bona	Case=Abl|Degree=Pos|Gender=Fem|InflClass=IndEurA|Number=Sing	PlAulul-L-03-163,PlCapt-L-05-709
ADJ	inopinatus	inopinata	Case=Nom|Degree=Pos|Gender=Neut|InflClass=IndEurO|Number=Plur	Cic2Ver2-D-08-85
ADJ	libens	libentes	Case=Nom|Degree=Pos|Gender=Fem,Masc|InflClass=IndEurI|Number=Plur	Cic2Ver3-D-09-689
ADJ	inuitus	inuiti	Case=Nom|Degree=Pos|Gender=Masc|InflClass=IndEurO|Number=Plur	Cic2Ver3-D-09-691
ADJ	reliquus	reliquos	Case=Acc|Degree=Pos|Gender=Masc|InflClass=IndEurO|Number=Plur	Cic2Ver3-D-09-773
ADJ	reliquus	relicum	Case=Nom|Degree=Pos|Gender=Masc,Neut|InflClass=IndEurO|Number=Sing	PersiusS-J-00-368
ADJ	senatorius	senatorii	Case=Gen|Degree=Pos|Gender=Masc,Neut|InflClass=IndEurO|Number=Sing	CicAClu-D-15-477
ADJ	propinquus	propinquus	Case=Nom|Degree=Pos|Gender=Masc|InflClass=IndEurO|Number=Sing	CicQuinc-D-01-199
ADJ	improbus	improbum	Case=Acc|Degree=Pos|Gender=Masc,Neut|InflClass=IndEurO|Number=Sing	CicQuinc-D-01-229
ADJ	malitiosus	malitiosum	Case=Acc|Degree=Pos|Gender=Masc,Neut|InflClass=IndEurO|Number=Sing	CicQuinc-D-01-231
ADJ	fraudulentus	fraudulentum	Case=Acc|Degree=Pos|Gender=Masc,Neut|InflClass=IndEurO|Number=Sing	CicQuinc-D-01-233
ADJ	leuis	leuem	Case=Acc|Degree=Pos|Gender=Fem,Masc|InflClass=IndEurI|Number=Sing	CicQRosc-D-03-360
ADJ	mobilis	mobilem	Case=Acc|Degree=Pos|Gender=Fem,Masc|InflClass=IndEurI|Number=Sing	CicQRosc-D-03-362
ADJ	festiue	festiue	Degree=Pos	CicSest-D-32-552
ADJ	benigne	benigne	Degree=Pos	HorEpis1-F-05-133
ADJ	felix	felices	Case=Acc|Degree=Pos|Gender=Fem,Masc|InflClass=IndEurI|Number=Plur	HorSerm1-F-04-314
ADJ	paruus	paruo	Case=Abl|Degree=Pos|Gender=Masc,Neut|InflClass=IndEurO|Number=Sing	HorSerm2-F-04-550
ADJ	clandestino	clandestino	Degree=Pos	PlAmphi-L-01-892
ADJ	geminus	geminos	Case=Acc|Degree=Pos|Gender=Masc|InflClass=IndEurO|Number=Plur	PlAmphi-L-01-957
ADJ	uerum	uerum	Degree=Pos	PlAsina-L-02-744
ADJ	magis	maxume	Degree=Abs	PlAsina-L-02-860,PlCurcu-L-08-340
ADJ	arabus	arabus	Case=Nom|Degree=Pos|Gender=Masc|InflClass=IndEurO|Number=Sing	PlBacch-L-04-21
ADJ	satis	satis	Degree=Pos	PlCapt-L-05-293
ADJ	certo	certon	Degree=Pos	PlCapt-L-05-479,PlCapt-L-05-696
ADJ	male	pessume	Degree=Abs	PlCapt-L-05-532
ADJ	siculus	siculus	Case=Nom|Degree=Pos|Gender=Masc|InflClass=IndEurO|Number=Sing	PlCapt-L-05-706
ADJ	sanus	sanus	Case=Nom|Degree=Pos|Gender=Masc|InflClass=IndEurO|Number=Sing	PlCasin-L-06-135
ADJ	astute	astute	Degree=Pos	PlCasin-L-06-452
ADJ	salue	salue	Degree=Pos	PlEpidic-L-09-8,PlEpidic-L-09-605
ADJ	uarie	uarie	Degree=Pos	PlEpidic-L-09-33
ADJ	probe	probe	Degree=Pos	PlEpidic-L-09-37
ADJ	uilis	uili	Case=Abl|Degree=Pos|Gender=Fem,Masc,Neut|InflClass=IndEurI|Number=Sing	PlEpidic-L-09-94
ADJ	multus	plurimum	Case=Nom|Degree=Abs|Gender=Neut|InflClass=IndEurO|Number=Sing|NumType=Card|PronType=Ind	SenEpist-P-03-124
ADJ	infinitus	infinitum	Case=Nom|Degree=Pos|Gender=Neut|InflClass=IndEurO|Number=Sing	SenEpist-P-03-1900
ADJ	stoicus	stoicus	Case=Nom|Degree=Pos|Gender=Masc|InflClass=IndEurO|Number=Sing	SenApoco-P-01-96
ADJ	sanctus	sancta	Case=Voc|Degree=Pos|Gender=Fem|InflClass=IndEurA|Number=Sing	SenMedea-P-18-179
ADJ	miser	misera	Case=Nom|Degree=Pos|Gender=Fem|InflClass=IndEurA|Number=Sing	SenMedea-P-18-418
DET	praeterea	praeterea	Compound=Yes	dev-s761,dev-s798,dev-s829,dev-s1029,dev-s1281,dev-s1336,dev-s1627,dev-s1678,dev-s1685,dev-s1722,dev-s1743,dev-s2056,test-s5,test-s74,test-s167,test-s181,test-s215,test-s315,test-s326,test-s345,test-s366,test-s382,test-s495,test-s516,test-s567,test-s662,test-s692,test-s714,test-s794,test-s891,test-s907,test-s965,test-s1010,test-s1034,test-s1053,test-s1128,test-s1140,test-s1190,test-s1234,test-s1266,test-s1288,test-s1317,test-s1333,test-s1380,test-s1438,test-s1486,test-s1540,test-s1600,test-s1612,test-s1651,test-s1683,test-s1725,test-s1808,test-s1957,test-s1989,train-s27,train-s49,train-s68,train-s276,train-s305,train-s454,train-s507,train-s529,train-s582,train-s607,train-s642,train-s662,train-s725,train-s800,train-s863,train-s952,train-s976,train-s1032,train-s1051,train-s1066,train-s1277,train-s1324,train-s1381,train-s1601,train-s1792,train-s1873,train-s1984,train-s2010,train-s2202,train-s2310,train-s2340,train-s2423,train-s2492,train-s2534,train-s2559,train-s2719,train-s2746,train-s2794,train-s2870,train-s2889,train-s2910,train-s3025,train-s3049,train-s3088,train-s3101,train-s3202,train-s3295,train-s3333,train-s3353,train-s3522,train-s3557,train-s3580,train-s3601,train-s3633,train-s3668,train-s3683,train-s3765,train-s3859,train-s3931,train-s3950,train-s3991,train-s4444,train-s4549,train-s4557,train-s4571,train-s4583,train-s4596,train-s4626,train-s4639,train-s4653,train-s4712,train-s4753,train-s4839,train-s4846,train-s4851,train-s4892,train-s4907,train-s5173,train-s5239,train-s5342,train-s5363,train-s5505,train-s5638,train-s5771,train-s5877,train-s6000,train-s6020,train-s6091,train-s6292,train-s6322,train-s6352,train-s6382,train-s6406,train-s6454,train-s6545,train-s6848,train-s6876,train-s6913,train-s7034,train-s7053,train-s7098,train-s7127,train-s7158,train-s7184,train-s7195,train-s7250,train-s7279,train-s7366,train-s7423,train-s7465,train-s7536,train-s7630,train-s7649,train-s7850,train-s7902,train-s7943,train-s8003,train-s8083,train-s8155,train-s8472,train-s8734,train-s8810,train-s8912,train-s8999,train-s9038,train-s9051,train-s9139,train-s9199,train-s9239,train-s9447,train-s9548,train-s9597,train-s9635,train-s9669,train-s9707,train-s9803,train-s9863,train-s9899,train-s10137,train-s10231,train-s10506,train-s10516,train-s10546,train-s10685,train-s10788,train-s10827,train-s10899,train-s10963,train-s11111,train-s11186,train-s11219,train-s11276,train-s11312,train-s11408,train-s11470,train-s11483,train-s11492,train-s11537,train-s11634,train-s11695,train-s11714,train-s11880,train-s11884,train-s11907,train-s11984,train-s12054,train-s12058,train-s12066,train-s12091,train-s12098,train-s12123,train-s12331,train-s12437,train-s12467,train-s12524,train-s12550,train-s12613,train-s12664,train-s12695,train-s12751,train-s12784,train-s12851,train-s12895,train-s12928,train-s12982,train-s13025,train-s13056,train-s13092,train-s13265,train-s13318,train-s13369,train-s13429,train-s13473,train-s17034,train-s17116,train-s17178,train-s17205,train-s17225,train-s17242,train-s17286,train-s17301,train-s17327,train-s17361,train-s17377,train-s17688,train-s17726,train-s18207,train-s18243,train-s18295,train-s18322,train-s18374,train-s18416,train-s19016,train-s19248,train-s19306,train-s19352,train-s19395,train-s19436,train-s19485,train-s19561,train-s19609,train-s19646,train-s19692,train-s19813,train-s19848,train-s19917,train-s19971,train-s19993,train-s20042,train-s20065,train-s20084,train-s20395,train-s20444,train-s20455,train-s20470,train-s20577,train-s20594,train-s20607,train-s20614,train-s20635,train-s20642,train-s21369,train-s21420,train-s21742,train-s21817,train-s21896,train-s22032,train-s22056,train-s22195,train-s22302,train-s22323,train-s22485,train-s22620,train-s22651,train-s22658
DET	duodecim	duodecim	_	10826
DET	septem	septem	_	10830
DET	nequiquam	nequiquam	_	77551
DET	quot	quot	InflClass=Ind|NumType=Card|PronType=Int	CicLegA1-D-16-80
DET	nullus	nullum	Case=Nom|Gender=Neut|InflClass=LatPron|Number=Sing|PronType=Neg	Cic2Ver2-D-08-779
DET	nullus	nullo	Case=Abl|Gender=Masc,Neut|InflClass=LatPron|Number=Sing|PronType=Neg	Cic2Ver3-D-09-523
DET	nullus	nulla	Case=Nom|Gender=Fem|InflClass=LatPron|Number=Sing|PronType=Neg	CicQRosc-D-03-289
DET	nullus	nullis	Case=Abl|Gender=Fem,Masc,Neut|InflClass=LatPron|Number=Plur|PronType=Neg	PlEpidic-L-09-663
DET	clxxxuii	clxxxuii	InflClass=Ind|Number=Plural|NumForm=Roman|NumType=Card	Cic2Ver3-D-09-706
DET	lxxxui	lxxxui	InflClass=Ind|Number=Plural|NumForm=Roman|NumType=Card	Cic2Ver3-D-09-709
DET	parum	minime	Degree=Abs	Cic2Ver4-D-10-806,CicACaec-D-13-243,CicSRosc-D-02-6,HorSerm2-F-04-559,PliEp02-M-01-477,SalCatil-O-01-371,SenEpist-P-03-1588,SenEpist-P-03-2148,SenEpist-P-03-2686,SenEpist-P-03-3076,SenEpist-P-03-5947,SenEpist-P-03-6582,SenEpist-P-03-7506
DET	hactenus	hactenus	Degree=Pos	OviEpist-I-05-404,OviEpist-I-05-1574
DET	ita	itan	Degree=Pos	PersiusS-J-00-138
DET	ita	ita	Degree=Pos	PlBacch-L-04-796,PlCapt-L-05-162,PlCurcu-L-08-451
DET	meus	meae	Case=Dat|Gender=Fem|InflClass=IndEurA|Number=Sing|Number[psor]=Sing|Person[psor]=1|Poss=Yes|PronType=Prs	PlAmphi-L-01-243
DET	istic	istuc	Case=Acc|Gender=Neut|InflClass=LatPron|Number=Sing|PronType=Dem	PlAulul-L-03-216
DET	huc	huc	Degree=Pos	PlBacch-L-04-120
DET	hic	hic	Degree=Pos	PlBacch-L-04-425
DET	hic	haec	Case=Nom|Gender=Fem|InflClass=LatPron|Number=Sing|PronType=Dem	PlEpidic-L-09-631
DET	duo	duae	Case=Nom|Gender=Fem|InflClass=IndEurA|Number=Plur|NumType=Card	PlBacch-L-04-524
DET	tuus	tuae	Case=Dat|Gender=Fem|InflClass=IndEurA|Number=Sing|Number[psor]=Sing|Person[psor]=2|Poss=Yes|PronType=Prs	PlCapt-L-05-703
DET	unus	unum	Case=Nom|Gender=Neut|InflClass=IndEurO|Number=Sing|NumType=Card	PlCasin-L-06-304
DET	ipse	ipse	Case=Nom|Gender=Masc|InflClass=LatPron|Number=Sing|PronType=Emp	PliEp01-M-01-90
DET	ipse	ipsam	Case=Acc|Gender=Fem|InflClass=LatPron|Number=Sing|PronType=Emp	SenVitBe-P-14-82
DET	qualis	qualem	Case=Acc|Gender=Fem,Masc|InflClass=IndEurI|Number=Sing|PronType=Int	PliEp07-M-01-2366
DET	omnis	omnia	Case=Acc|Gender=Neut|InflClass=IndEurI|Number=Plur|PronType=Tot	SenEpist-P-03-4903
DET	multum	plurimum	Degree=Abs	SenEpist-P-03-5910
DET	uterque	utriusque	Case=Gen|Gender=Fem,Masc,Neut|InflClass=LatPron|Number=Sing|PronType=Ind	SenEpist-P-03-6814
DET	lxxii	lxxii	InflClass=Ind|Number=Plural|NumForm=Roman|NumType=Card	TacAnn11-Q-04-2381
CCONJ	et	et	_	train-s11606
CCONJ	scilicet	scilicet	Degree=Pos	PlAsina-L-02-447
NOUN	exemplar	exemplar	Case=Nom|Gender=Neut|Number=Sing	dev-s460,train-s277,train-s520,train-s1213,train-s1919
NOUN	exemplar	exsemplar	Case=Nom|Gender=Neut|Number=Sing	train-s2406
NOUN	exemplar	exceplar	Case=Nom|Gender=Neut|Number=Sing	train-s2567
NOUN	ananias	anania	Case=Voc|Gender=Masc|Number=Sing	23898
NOUN	cornelius	corneli	Case=Voc|Gender=Masc|Number=Sing	23965
NOUN	clamor	clamores	Case=Nom|Gender=Masc|Number=Plur	76105
NOUN	propheta	prophetam	Case=Acc|Gender=Masc|Number=Sing	13279,16814
NOUN	caesar	caesaris	Case=Gen|Gender=Masc|Number=Sing	14108,11185,17978
NOUN	dauid	dauid	_	14145
NOUN	barabbas	barabban	Case=Acc|Gender=Masc|Number=Sing	14551
NOUN	rabbi	rabbi	_	11394
NOUN	maria	maria	Case=Voc|Gender=Fem|Number=Sing	20035
NOUN	rabboni	rabboni	_	20037
NOUN	factum	factorum	Case=Gen|Gender=Neut|Number=Plur	26660
NOUN	tribulatio	tribulatio	Case=Nom|Gender=Fem|Number=Sing	26883
NOUN	quare	quare	PronType=Int	26951,29156,LucrDRN2-H-00-370,PersiusS-J-00-14,SenEpist-P-03-2987,SenEpist-P-03-3149,SenEpist-P-03-3680,SenEpist-P-03-4134,SenEpist-P-03-4688,SenEpist-P-03-4900,SenEpist-P-03-5850,SenEpist-P-03-6444,SenEpist-P-03-6786,SenEpist-P-03-7480,SenEpist-P-03-7486,SenEpist-P-03-7492,SenEpist-P-03-7496,SenBenef-P-06-838,SenBenef-P-06-1375,SenConst-P-09-119,SenIra3-P-10-823
NOUN	sorbum	sorba	Case=Nom|Gender=Neut|Number=Plur	160379
NOUN	amygdalum	amygdala	Case=Nom|Gender=Neut|Number=Plur	160397
NOUN	audacia	audacias	Gender=Fem|InflClass=IndEurA	CatFrag-B-04-49
NOUN	moscillus	moscillis	Gender=Masc|InflClass=IndEurO	CatFrag-B-04-59
NOUN	iugerum	iugeris	Case=Abl|Gender=Neut|InflClass=IndEurO|Number=Plur	CatFrag-B-04-71
NOUN	puteus	putei	Gender=Masc|InflClass=IndEurO	CatFrag-B-04-73
NOUN	dies	diee	Case=Acc|Gender=Fem,Masc|InflClass=IndEurE|Number=Sing	CatFrag-B-04-84
NOUN	prex	precem	Case=Acc|Gender=Fem|InflClass=IndEurX|Number=Sing	CatOrat-B-03-61
NOUN	punctatoriola	punctatoriolas	Gender=Fem|InflClass=IndEurA	CatOrat-B-03-132
NOUN	retrices	retricibus	Gender=Fem,Masc|InflClass=IndEurX	CatOrat-B-03-134
NOUN	bouile	bouile	Gender=Neut|InflClass=IndEurI	CatOrat-B-03-237
NOUN	pelliculatio	pelliculatio	Gender=Fem|InflClass=IndEurX	CatOrat-B-03-245
NOUN	glis	glis	Case=Nom|Gender=Masc|InflClass=IndEurI|Number=Sing	CatOrig-B-02-79
NOUN	peccatum	peccato	Case=Abl|Gender=Neut|InflClass=IndEurO|Number=Sing	CicDomo-D-30-299
NOUN	rullus	rullus	Case=Nom|Gender=Masc|InflClass=IndEurO|Number=Sing	CicLegA2-D-17-86,CicLegA2-D-17-88
NOUN	rullus	rullum	Case=Acc|Gender=Masc|InflClass=IndEurO|Number=Sing	CicLegA2-D-17-92
NOUN	auctio	auctio	Case=Nom|Gender=Fem|InflClass=IndEurX|Number=Sing	CicLegA2-D-17-217
NOUN	decorum	decorum	Case=Nom|Gender=Neut|InflClass=IndEurO|Number=Sing	CicOffic1-D-77-337
NOUN	gloria	gloriam	Case=Acc|Gender=Fem|InflClass=IndEurA|Number=Sing	CicOffic2-D-77-777
NOUN	bellum	bellum	Case=Acc|Gender=Neut|InflClass=IndEurO|Number=Sing	CicCat2-D-21-81
NOUN	aduersarius	aduersarii	Case=Nom|Gender=Masc|InflClass=IndEurO|Number=Plur	CicAerAl-D-71-9
NOUN	innocentia	innocentia	Case=Abl|Gender=Fem|InflClass=IndEurA|Number=Sing	Cic2Ver3-D-09-207
NOUN	diligentia	diligentia	Case=Abl|Gender=Fem|InflClass=IndEurA|Number=Sing	Cic2Ver3-D-09-209
NOUN	ingenium	ingenio	Case=Abl|Gender=Neut|InflClass=IndEurO|Number=Sing	Cic2Ver3-D-09-211
NOUN	publicanus	publicanis	Case=Abl|Gender=Masc|InflClass=IndEurO|Number=Plur	Cic2Ver3-D-09-991
NOUN	senator	senator	Case=Nom|Gender=Masc|InflClass=IndEurX|Number=Sing	Cic2Ver4-D-10-803
NOUN	commentarius	commentarius	Case=Nom|Gender=Masc|InflClass=IndEurO|Number=Sing	Cic2Ver5-D-11-232
NOUN	commissura	commissura	Case=Nom|Gender=Fem|InflClass=IndEurA|Number=Sing	CicCFund-D-63-3
NOUN	punctum	puncta	Case=Nom|Gender=Neut|InflClass=IndEurO|Number=Plur	CicCFund-D-63-4
NOUN	coemptio	coemptione	Case=Abl|Gender=Fem|InflClass=IndEurX|Number=Sing	CicFlac-D-27-534
NOUN	appius	appius	Case=Nom|Gender=Masc|InflClass=IndEurO|Number=Sing	CicMil-D-40-281,CicMil-D-40-283
NOUN	fabius	fabium	Case=Acc|Gender=Masc|InflClass=IndEurO|Number=Sing	CicMTull-D-04-188
NOUN	uniuersi	uniuersos	Case=Acc|Gender=Masc|InflClass=IndEurO|Number=Plur	CicMur-D-24-403
NOUN	socius	socius	Case=Nom|Gender=Masc|InflClass=IndEurO|Number=Sing	CicQuinc-D-01-203
NOUN	corpus	corpus	Case=Nom|Gender=Neut|InflClass=IndEurX|Number=Sing	CicQRosc-D-03-204
NOUN	disciplina	disciplina	Case=Nom|Gender=Fem|InflClass=IndEurA|Number=Sing	CicQRosc-D-03-206
NOUN	fannius	fannius	Case=Nom|Gender=Masc|InflClass=IndEurO|Number=Sing	CicQRosc-D-03-299
NOUN	flauius	flauius	Case=Nom|Gender=Masc|InflClass=IndEurO|Number=Sing	CicQRosc-D-03-301
NOUN	cluuius	cluuius	Case=Nom|Gender=Masc|InflClass=IndEurO|Number=Sing	CicQRosc-D-03-303
NOUN	petitor	petitorem	Case=Acc|Gender=Masc|InflClass=IndEurX|Number=Sing	CicQRosc-D-03-308
NOUN	reus	reum	Case=Acc|Gender=Masc|InflClass=IndEurO|Number=Sing	CicQRosc-D-03-310
NOUN	iudex	iudicem	Case=Acc|Gender=Masc|InflClass=IndEurX|Number=Sing	CicQRosc-D-03-313
NOUN	familiaris	familiarem	Case=Acc|Gender=Fem,Masc|InflClass=IndEurI|Number=Sing	CicQRosc-D-03-364
NOUN	familiaris	familiaris	Case=Nom|Gender=Fem,Masc|InflClass=IndEurI|Number=Sing	PlEpidic-L-09-3
NOUN	consul	consules	Case=Acc|Gender=Masc|InflClass=IndEurX|Number=Plur	CicSest-D-32-45
NOUN	roma	romae	Case=Loc|Gender=Fem|InflClass=IndEurA|Number=Sing	CicSRosc-D-02-381,CicSRosc-D-02-384
NOUN	triens	triens	Case=Nom|Gender=Masc|InflClass=IndEurI|Number=Sing	HorArsPo-F-06-96
NOUN	semis	semis	Gender=Masc|InflClass=Ind	HorArsPo-F-06-99
NOUN	octussis	octussibus	Case=Abl|Gender=Masc|InflClass=IndEurI|Number=Plur	HorSerm2-F-04-552
NOUN	nugae	nugae	Case=Nom|Gender=Fem,Masc|InflClass=IndEurA|Number=Plur	PersiusS-J-00-16,PlBacch-L-04-609
NOUN	nugae	nugas	Case=Acc|Gender=Fem|InflClass=IndEurA|Number=Plur	PlCapt-L-05-440
NOUN	uerbero	uerbero	Case=Voc|Gender=Masc|InflClass=IndEurX|Number=Sing	PlAmphi-L-01-172
NOUN	domus	domum	Case=Acc|Gender=Fem|InflClass=IndEurU|Number=Sing	PlAmphi-L-01-309
NOUN	insania	insania	Case=Abl|Gender=Fem|InflClass=IndEurA|Number=Sing	PlAmphi-L-01-566
NOUN	propemodum	propemodum	Degree=Pos	PlAmphi-L-01-708
NOUN	sosia	sosia	Case=Voc|Gender=Masc|InflClass=IndEurA|Number=Sing	PlAmphi-L-01-853
NOUN	amphitryon	amphitruo	Case=Voc|Gender=Masc|InflClass=IndEurX|Number=Sing	PlAmphi-L-01-933
NOUN	gerrae	gerrae	Case=Nom|Gender=Fem|InflClass=IndEurA|Number=Plur	PlAsina-L-02-538
NOUN	libertus	libertos	Case=Acc|Gender=Masc|InflClass=IndEurO|Number=Plur	PlAsina-L-02-601
NOUN	bacchis	bacchis	Case=Nom|Gender=Fem,Masc,Neut|InflClass=IndEurI|Number=Sing	PlBacch-L-04-429
NOUN	bacchis	bacchidem	Case=Acc|Gender=Fem,Masc|InflClass=IndEurI|Number=Sing	PlBacch-L-04-550
NOUN	admodum	admodum	Degree=Pos	PlBacch-L-04-828,PlBacch-L-04-1072
NOUN	alienus	alienus	Case=Nom|Gender=Masc|InflClass=IndEurO|Number=Sing	PlCapt-L-05-72
NOUN	thesaurochrysonicochrysides	thensaurochrysonicochrysides	Case=Nom|InflClass=IndEurX|Number=Sing|Variant=Greek	PlCapt-L-05-190
NOUN	ergasilus	ergasile	Case=Voc|Gender=Masc|InflClass=IndEurO|Number=Sing	PlCapt-L-05-618
NOUN	manus	manum	Case=Acc|Gender=Fem|InflClass=IndEurU|Number=Sing	PlCapt-L-05-627
NOUN	solea	soleas	Case=Acc|Gender=Fem|InflClass=IndEurA|Number=Plur	PlCasin-L-06-460
NOUN	pardalisca	pardalisca	Case=Voc|Gender=Fem|InflClass=IndEurA|Number=Sing	PlCasin-L-06-582
NOUN	gladius	gladium	Case=Acc|Gender=Masc|InflClass=IndEurO|Number=Sing	PlCasin-L-06-624
NOUN	quamobrem	quamobrem	PronType=Int	PlCasin-L-06-647
NOUN	uentus	uentum	Case=Acc|Gender=Masc|InflClass=IndEurO|Number=Sing	PlCurcu-L-08-342
NOUN	malum	malum	Case=Nom|Gender=Neut|InflClass=IndEurO|Number=Sing	PlCurcu-L-08-528
NOUN	epidicus	epidice	Case=Voc|Gender=Masc|InflClass=IndEurO|Number=Sing	PlEpidic-L-09-241
NOUN	libertas	libertatem	Case=Acc|Gender=Fem|InflClass=IndEurX|Number=Sing	PlEpidic-L-09-846
NOUN	mediolanum	mediolani	Case=Loc|Gender=Neut|InflClass=IndEurO|Number=Sing	PliEp04-M-01-1313
NOUN	turba	turbam	Case=Acc|Gender=Fem|InflClass=IndEurA|Number=Sing	SenEpist-P-03-168
NOUN	multum	multum	Case=Acc|Gender=Neut|InflClass=IndEurO|Number=Sing	SenEpist-P-03-468
NOUN	tempus	tempus	Case=Acc|Gender=Neut|InflClass=IndEurX|Number=Sing	SenEpist-P-03-519
NOUN	cliens	clientes	Case=Acc|Gender=Masc|InflClass=IndEurI|Number=Plur	SenEpist-P-03-826
NOUN	consilium	consilium	Case=Acc|Gender=Neut|InflClass=IndEurO|Number=Sing	SenEpist-P-03-2026
NOUN	animal	animal	Case=Nom|Gender=Neut|InflClass=IndEurI|Number=Sing	SenEpist-P-03-2485
NOUN	bonitas	bonitas	Case=Nom|Gender=Fem|InflClass=IndEurX|Number=Sing	SenEpist-P-03-2854
NOUN	ratio	ratio	Case=Nom|Gender=Fem|InflClass=IndEurX|Number=Sing	SenEpist-P-03-3852
NOUN	amicus	amicos	Case=Acc|Gender=Masc|InflClass=IndEurO|Number=Plur	SenEpist-P-03-4000
NOUN	patria	patriam	Case=Acc|Gender=Fem|InflClass=IndEurA|Number=Sing	SenEpist-P-03-4002
NOUN	sol	solem	Case=Acc|Gender=Masc|InflClass=IndEurX|Number=Sing	SenEpist-P-03-4004
NOUN	animus	animus	Case=Nom|Gender=Masc|InflClass=IndEurO|Number=Sing	SenEpist-P-03-4968,SenEpist-P-03-7535
NOUN	quomodo	quomodo	PronType=Int	SenEpist-P-03-5585
NOUN	aequanimitas	aequanimitate	Case=Abl|Gender=Fem|InflClass=IndEurX|Number=Sing	SenEpist-P-03-5586
NOUN	urbs	urbem	Case=Acc|Gender=Fem|InflClass=IndEurI|Number=Sing	SenEpist-P-03-6882
NOUN	dignitas	dignitatem	Case=Acc|Gender=Fem|InflClass=IndEurX|Number=Sing	SenBenef-P-06-633
NOUN	securitas	securitatem	Case=Acc|Gender=Fem|InflClass=IndEurX|Number=Sing	SenBenef-P-06-634
NOUN	sanitas	sanitatem	Case=Acc|Gender=Fem|InflClass=IndEurX|Number=Sing	SenBenef-P-06-635
NOUN	lucrum	lucrum	Case=Nom|Gender=Neut|InflClass=IndEurO|Number=Sing	SenBenef-P-06-1019
NOUN	ambitio	ambitio	Case=Nom|Gender=Fem|InflClass=IndEurX|Number=Sing	SenBenef-P-06-1021
NOUN	metus	metus	Case=Nom|Gender=Masc|InflClass=IndEurU|Number=Sing	SenBenef-P-06-1023
NOUN	uir	uiri	Case=Gen|Gender=Masc|InflClass=IndEurO|Number=Sing	SenConst-P-09-214
NOUN	ferrum	ferro	Case=Abl|Gender=Neut|InflClass=IndEurO|Number=Sing	SenHerOe-P-23-170
NOUN	ferrum	ferrum	Case=Nom|Gender=Neut|InflClass=IndEurO|Number=Sing	SenThyes-P-22-90
INTJ	amen	amen	_	26569,33469,33473,33642,18374,63140,26900,27072,27247,27284,28604,29255,29427,29655,29779,30080,30085,30378,30440,30944,30952,31026,31073,33702,33704,34073,34236
INTJ	osanna	osanna	_	11091
INTJ	alleluia	alleluia	_	34066,34070,34074,34079
INTJ	papae	papae	_	PersiusS-J-00-258,PlBacch-L-04-201,PlEpidic-L-09-99
INTJ	ecce	ecce	_	PetronSa-K-00-743,PlAsina-L-02-81
INTJ	uah	uah	_	PlAulul-L-03-248,PlCasin-L-06-641,PlCurcu-L-08-273,PlCurcu-L-08-469
INTJ	cedo	cedo	_	PlBacch-L-04-773,PlCasin-L-06-307
INTJ	oh	oh	_	PlCapt-L-05-115,PlCapt-L-05-116,PlCapt-L-05-117,PlEpidic-L-09-223
INTJ	eugepae	eugepae	_	PlCapt-L-05-175,PlCapt-L-05-607
INTJ	hem	em	_	PlCapt-L-05-388,PlCasin-L-06-112
INTJ	hem	hem	_	PlCasin-L-06-623
INTJ	st	st	_	PlCasin-L-06-69,PlCasin-L-06-109,PlCasin-L-06-265,PlEpidic-L-09-227
INTJ	euge	eugae	_	PlCasin-L-06-317,PlEpidic-L-09-19,PlEpidic-L-09-407
INTJ	atat	attat	_	PlCasin-L-06-401,PlCasin-L-06-576,PlCasin-L-06-691
INTJ	attatae	attatae	_	PlCasin-L-06-433,PlCasin-L-06-491,PlEpidic-L-09-485
INTJ	ah	ah	_	PlCasin-L-06-620,PlCurcu-L-08-140,PlEpidic-L-09-600
INTJ	eia	heia	_	PlCasin-L-06-690
INTJ	em	em	_	PlEpidic-L-09-323
INTJ	heus	heus	_	PlEpidic-L-09-441,PlEpidic-L-09-498
INTJ	eho	eho	_	PlEpidic-L-09-621
SCONJ	utique	utique	_	13998
SCONJ	utinam	utinam	Degree=Pos	PliEp05-M-01-1704
AUX	sum	esto	Aspect=Imp|InflClass=LatAnom|Mood=Imp|Number=Sing|Person=3|Tense=Fut|VerbForm=Fin|Voice=Act	78640,HorEpis1-F-05-299,HorSerm2-F-04-510
AUX	sum	fui	Aspect=Perf|InflClass=LatAnom|Mood=Ind|Number=Sing|Person=1|Tense=Past|VerbForm=Fin	PlCapt-L-05-457
AUX	sum	est	Aspect=Imp|InflClass=LatAnom|Mood=Ind|Number=Sing|Person=3|Tense=Pres|VerbForm=Fin	PlCasin-L-06-655,SenEpist-P-03-7570,SenTroad-P-16-210
AUX	sum	erat	Aspect=Imp|InflClass=LatAnom|Mood=Ind|Number=Sing|Person=3|Tense=Past|VerbForm=Fin	SenEpist-P-03-1580
ADP	uls	uls	Degree=Pos	CatFrag-B-04-64
ADP	immo	immo	Degree=Pos	PlBacch-L-04-207
X	circumcirca	circumcirca	Degree=Pos	CatFrag-B-04-76
X	praeterpropter	praeterpropter	Degree=Pos	CatFrag-B-04-77
X		aret	_	CicRabPe-D-19-122
X		tum	_	CicMScau-D-58-163
X		pri	_	CicMTull-D-04-12
X	eccere	eccere	Degree=Pos	PlCasin-L-06-320
ADV	quidni	quidni	Polarity=Neg	CicQuinc-D-01-305,PlAsina-L-02-746
ADV	dudum	dudum	Degree=Pos	PlAmphi-L-01-531
ADV	audaciter	audacter	Degree=Pos	PlAsina-L-02-224
ADV	fortasse	fortassis	Degree=Pos	PlAsina-L-02-451
ADV	fortasse	fortasse	Degree=Pos	PlAsina-L-02-456,PlAsina-L-02-458
